cliente_skey,cod_cliente,tipo_cliente,primer_nombre,segundo_nombre,primer_apellido,segundo_apellido,nombre_completo,dpi,fecha_nacimiento,genero,segmento_cliente,fecha_alta,fecha_baja,estado,es_actual,vigente_desde,vigente_hasta
1,6784364793,JURIDICO,Desmond,Merilee,Ladbrooke,Bernon,Merilee Bernon,115095764682,8/19/2025,OTRO,GRAN EMPRESA,6/5/2001,8/23/2025,INACTIVO,false,8/24/2018,
2,4031016644,PERSONA,Royce,Maxi,Eilhart,Korda,Maxi Korda,972306024381,7/2/2025,OTRO,MICROEMPRESA,11/17/2021,12/26/2024,ACTIVO,true,2/10/2019,6/27/2025
3,4263374370,JURIDICO,Flore,Gerty,MacArdle,Brimman,Gerty Brimman,435048329513,6/15/2025,M,GRAN EMPRESA,5/27/2016,,ACTIVO,false,11/7/2009,
4,2029145351,PERSONA,Marnia,Cos,Antoszczyk,Suddaby,Cos Suddaby,200821245312,4/26/2025,M,RIESGO ALTO,2/4/2019,12/3/2024,INACTIVO,false,1/24/2010,5/24/2025
5,2068212034,PERSONA,Temple,Wash,Mahody,Lorenzetto,Wash Lorenzetto,328572241835,11/4/2024,F,RIESGO ALTO,1/8/2013,11/24/2024,INACTIVO,false,9/14/2025,
6,9402361824,PERSONA,Almeda,Jonell,Gheeraert,Gepheart,Jonell Gepheart,475735493358,12/3/2024,M,MORA,3/8/2021,3/23/2025,ACTIVO,false,12/26/2020,7/25/2025
7,4429275580,PERSONA,Roxana,Herminia,Horstead,Craythorn,Herminia Craythorn,111253202068,5/28/2025,OTRO,RIESGO ALTO,1/18/2017,,ACTIVO,true,10/17/2000,
8,5831860988,PERSONA,Jenilee,Lorine,McRorie,Whitwood,Lorine Whitwood,971911213962,5/16/2025,F,PYME,12/10/2019,,ACTIVO,false,11/16/2023,
9,8504611763,JURIDICO,Jaclyn,Rosella,Gervaise,Attryde,Rosella Attryde,102704719646,2/9/2025,F,GRAN EMPRESA,5/18/2025,8/28/2025,INACTIVO,true,7/29/2005,
10,6397431541,JURIDICO,Elliot,Nickola,Apps,Wanjek,Nickola Wanjek,203689974897,11/28/2024,OTRO,BANCA PRIVADA,6/30/2016,8/1/2025,INACTIVO,false,2/24/2011,
11,4650552569,JURIDICO,Hunter,Iago,Calvert,Workes,Iago Workes,969744305880,2/1/2025,OTRO,MORA,11/28/2015,,ACTIVO,true,11/18/2003,
12,5088234938,PERSONA,Conney,Jermaine,Marguerite,Bradane,Jermaine Bradane,961762877855,1/2/2025,OTRO,MICROEMPRESA,5/26/2010,,ACTIVO,true,1/11/2002,
13,7772057565,JURIDICO,Raoul,Nadiya,Kann,Syer,Nadiya Syer,724672413104,2/3/2025,OTRO,PYME,5/7/2006,,INACTIVO,true,12/7/2014,
14,8312737205,JURIDICO,Alyda,Bernardo,Yakovlev,Roddam,Bernardo Roddam,139903914960,7/24/2025,M,RIESGO ALTO,9/22/2002,3/28/2025,ACTIVO,true,8/5/2018,2/9/2025
15,7347980485,PERSONA,Jourdan,Ramon,Monksfield,Hambling,Ramon Hambling,657452235040,6/17/2025,M,MORA,7/9/2018,5/31/2025,ACTIVO,true,9/10/2013,
16,9847177734,JURIDICO,Leora,Kacey,Steven,Schimmang,Kacey Schimmang,198851218227,2/8/2025,F,RIESGO ALTO,2/24/2021,,ACTIVO,false,12/6/2017,
17,8780679899,PERSONA,Althea,Roz,Dymott,Gilliard,Roz Gilliard,979398878466,5/10/2025,M,BANCA PRIVADA,8/6/2020,,ACTIVO,true,11/13/2024,
18,3979086556,PERSONA,Padriac,Gerri,Calderon,Bardill,Gerri Bardill,924563237477,4/14/2025,OTRO,PYME,10/24/2016,,ACTIVO,false,3/29/2001,
19,6644786334,PERSONA,Kaela,Dora,Bradberry,Chave,Dora Chave,958004906355,9/28/2024,OTRO,BANCA PRIVADA,1/19/2007,,INACTIVO,false,8/20/2010,
20,3134728857,JURIDICO,Ann,Audrie,Archibald,Rushbury,Audrie Rushbury,997958008184,1/2/2025,F,PYME,1/30/2012,,INACTIVO,true,9/26/2020,
21,4442981102,JURIDICO,Christabel,Devan,Baume,Beller,Devan Beller,798915750201,2/3/2025,OTRO,GRAN EMPRESA,9/16/2014,,ACTIVO,true,3/5/2016,
22,5219387699,PERSONA,Nikolai,Maureene,Hallet,Regenhardt,Maureene Regenhardt,573218700994,6/17/2025,M,GRAN EMPRESA,5/6/2014,,ACTIVO,false,4/15/2002,
23,9793089925,PERSONA,Claudina,Coralyn,Mitchel,Franck,Coralyn Franck,959037161473,7/3/2025,OTRO,BANCA PRIVADA,8/20/2020,,INACTIVO,false,1/14/2014,
24,6362487216,JURIDICO,Cheslie,Trumann,McLarnon,Etridge,Trumann Etridge,364464016050,5/15/2025,M,PYME,10/9/2007,,ACTIVO,true,7/20/2009,
25,9148615441,PERSONA,Silvan,Galvan,Giampietro,Olek,Galvan Olek,208437507900,3/3/2025,F,MICROEMPRESA,10/6/2006,,INACTIVO,false,2/2/2008,
26,5762169858,PERSONA,Claudine,Cletis,d' Eye,Finlayson,Cletis Finlayson,640193007551,11/26/2024,OTRO,RIESGO ALTO,4/27/2024,,INACTIVO,true,12/7/2003,
27,4876223530,PERSONA,Gui,Donella,Cuthbertson,Bresman,Donella Bresman,484644605607,5/2/2025,M,BANCA PRIVADA,6/28/2008,,INACTIVO,true,2/1/2022,6/19/2025
28,4605308910,JURIDICO,Free,Annette,Hyams,Kittiman,Annette Kittiman,473253319627,8/18/2025,M,RIESGO ALTO,1/28/2025,,ACTIVO,false,8/2/2011,
29,9584695269,JURIDICO,Theobald,Harri,Skentelbery,Brotherheed,Harri Brotherheed,446364038652,9/24/2025,F,BANCA PRIVADA,3/7/2017,,ACTIVO,false,1/2/2024,
30,6896956561,JURIDICO,Alvy,Eleni,Wincott,Entwisle,Eleni Entwisle,482956988711,4/19/2025,F,PYME,7/25/2001,,ACTIVO,true,3/12/2023,
31,9719994417,PERSONA,Zachariah,Andeee,Hedaux,Farlham,Andeee Farlham,586895908605,10/25/2024,M,RIESGO ALTO,5/8/2025,,INACTIVO,true,8/26/2024,
32,8866103109,PERSONA,Katha,Rutger,Stringer,Mullane,Rutger Mullane,183556059965,2/13/2025,OTRO,MORA,3/28/2025,,INACTIVO,false,9/16/2017,
33,1872084245,JURIDICO,Genny,Ferdie,Yurov,MacGillivrie,Ferdie MacGillivrie,302855836601,9/12/2025,OTRO,MORA,10/1/2014,,INACTIVO,false,8/9/2003,
34,2673850399,JURIDICO,Steward,Andrus,Keyse,Lefever,Andrus Lefever,390395837418,8/21/2025,OTRO,MORA,2/25/2003,,INACTIVO,false,2/10/2017,
35,9548646067,PERSONA,Dean,Guilbert,Yarrall,Gomer,Guilbert Gomer,283893892385,3/21/2025,OTRO,GRAN EMPRESA,8/20/2018,,INACTIVO,true,10/21/2008,7/19/2025
36,5151561813,PERSONA,Monte,Barbabra,Gallant,Caseri,Barbabra Caseri,514201249261,10/27/2024,OTRO,RIESGO ALTO,5/23/2024,,INACTIVO,false,5/31/2008,3/6/2025
37,9294823343,JURIDICO,Ringo,Francyne,McMenamie,Bellward,Francyne Bellward,476241002419,4/18/2025,OTRO,MORA,10/26/2004,,INACTIVO,true,5/14/2004,
38,3554060789,PERSONA,Errol,Aldin,Jaqueme,Rottenbury,Aldin Rottenbury,539743112932,6/14/2025,M,RIESGO ALTO,12/29/2003,1/10/2025,ACTIVO,true,8/30/2001,
39,9251670051,JURIDICO,Tandi,Alberik,Blackesland,Caldaro,Alberik Caldaro,348656075513,10/30/2024,M,MORA,7/19/2017,,INACTIVO,true,9/27/2009,2/6/2025
40,9736310598,JURIDICO,Jess,Haze,Willoughby,Cowup,Haze Cowup,952073934961,1/25/2025,F,PYME,9/15/2006,11/7/2024,INACTIVO,true,4/10/2024,
41,4503347539,JURIDICO,Chandal,Damara,Norquoy,Whitebread,Damara Whitebread,562558528444,2/21/2025,F,BANCA PRIVADA,10/12/2019,,INACTIVO,false,12/19/2006,
42,3247912205,JURIDICO,Holmes,Caleb,Readitt,Seamen,Caleb Seamen,240734853799,5/8/2025,OTRO,MICROEMPRESA,11/21/2019,,INACTIVO,true,11/8/2005,
43,5378505831,PERSONA,Shermy,Base,Brunke,Luparto,Base Luparto,256394899384,5/7/2025,M,RIESGO ALTO,10/16/2020,,INACTIVO,false,6/12/2016,
44,8624032555,JURIDICO,Chick,Emelia,Spendlove,Yegorovnin,Emelia Yegorovnin,820655294934,10/1/2024,OTRO,MORA,1/17/2021,7/28/2025,INACTIVO,true,5/25/2021,
45,5616220792,JURIDICO,Gisele,Herminia,Sulley,Osgarby,Herminia Osgarby,394931211856,12/9/2024,F,GRAN EMPRESA,10/21/2008,,ACTIVO,true,3/5/2022,
46,7459520763,JURIDICO,Brandyn,Roanna,Cottham,Taffrey,Roanna Taffrey,402946804305,4/12/2025,F,RIESGO ALTO,3/21/2015,5/18/2025,INACTIVO,false,3/24/2001,
47,4823237144,JURIDICO,Lavinia,Marita,Von Der Empten,Moyes,Marita Moyes,206449110252,5/7/2025,F,MORA,7/3/2022,,ACTIVO,true,8/28/2021,3/5/2025
48,7440254915,JURIDICO,Sergeant,Salome,Menendes,Schonfelder,Salome Schonfelder,251959558660,10/8/2024,F,MORA,11/30/2022,,ACTIVO,true,11/28/2021,
49,4380082183,PERSONA,Lianne,Parker,Cosgry,Maryan,Parker Maryan,476457780311,3/25/2025,F,MICROEMPRESA,3/20/2016,,ACTIVO,true,3/24/2023,
50,2401586273,JURIDICO,Leelah,Karole,Baynard,Rechert,Karole Rechert,846300517121,1/20/2025,OTRO,GRAN EMPRESA,11/4/2000,,INACTIVO,false,12/13/2007,
51,5411601838,JURIDICO,Gabbey,Jeanna,Easterbrook,Tuddall,Jeanna Tuddall,647565672503,3/14/2025,OTRO,MORA,12/14/2006,,INACTIVO,true,8/16/2001,
52,2996852496,PERSONA,Ernst,Isabelle,Muriel,Gilpillan,Isabelle Gilpillan,869399626948,6/12/2025,M,PYME,11/25/2002,,INACTIVO,false,8/22/2025,7/30/2025
53,3647296854,PERSONA,Quinn,Corene,Nuzzetti,Bowlands,Corene Bowlands,715447487037,8/21/2025,M,PYME,12/21/2010,,INACTIVO,true,7/24/2003,11/24/2024
54,5858363858,PERSONA,Ced,Dorian,Grigorkin,Schettini,Dorian Schettini,135709828958,9/25/2025,OTRO,BANCA PRIVADA,6/4/2018,,ACTIVO,false,9/20/2022,
55,3558270386,JURIDICO,Dollie,Joannes,Bonhan,Guitton,Joannes Guitton,241779208641,1/11/2025,OTRO,BANCA PRIVADA,3/25/2016,,INACTIVO,true,9/1/2002,1/6/2025
56,4258139260,JURIDICO,Raul,Ber,Stringman,Kintzel,Ber Kintzel,202777071405,9/18/2025,F,PYME,3/16/2024,,INACTIVO,true,6/29/2004,
57,7140005699,JURIDICO,Morganica,Nicol,Chese,Cranshaw,Nicol Cranshaw,265870730404,2/3/2025,OTRO,PYME,11/20/2018,,INACTIVO,false,3/10/2022,8/14/2025
58,8136030175,JURIDICO,Yurik,Georas,Mandre,Patterfield,Georas Patterfield,771590593148,2/28/2025,OTRO,MORA,3/5/2021,1/13/2025,ACTIVO,true,4/29/2015,
59,4857012722,PERSONA,Kayley,Drud,David,Janczyk,Drud Janczyk,161156483820,11/29/2024,F,GRAN EMPRESA,4/1/2012,,INACTIVO,true,3/29/2021,9/30/2024
60,1715387883,JURIDICO,Kelsey,Carroll,Feedome,Karlolczak,Carroll Karlolczak,879109860069,12/19/2024,OTRO,GRAN EMPRESA,7/29/2019,,INACTIVO,true,9/25/2001,
61,7283403788,PERSONA,Bernadene,Archibold,Menchenton,Delacoste,Archibold Delacoste,463902403175,5/25/2025,F,BANCA PRIVADA,5/15/2011,,ACTIVO,false,4/14/2022,
62,2493804870,PERSONA,Emmalynne,Carmelle,Symon,Aggott,Carmelle Aggott,759899990155,1/12/2025,OTRO,GRAN EMPRESA,2/25/2002,,INACTIVO,false,11/25/2012,
63,3724130234,PERSONA,Fanchon,Midge,Midden,Pressnell,Midge Pressnell,677825583077,11/10/2024,M,BANCA PRIVADA,8/20/2021,,INACTIVO,true,2/11/2004,
64,2586811506,JURIDICO,Rey,Avictor,Nuccitelli,Motherwell,Avictor Motherwell,375357179566,12/8/2024,F,PYME,8/23/2021,8/13/2025,ACTIVO,true,4/2/2022,
65,9782617590,PERSONA,Andria,Gardy,Lorman,Grigore,Gardy Grigore,616295463985,3/24/2025,M,PYME,9/11/2014,,ACTIVO,true,11/9/2013,
66,5141501992,JURIDICO,Emelen,Renate,Standish-Brooks,Chezier,Renate Chezier,735244080053,12/13/2024,F,PYME,3/12/2012,,INACTIVO,true,2/11/2013,
67,5959658133,PERSONA,Darsey,Amalita,Bartelli,Serrier,Amalita Serrier,787128278478,3/4/2025,OTRO,MICROEMPRESA,10/18/2006,,ACTIVO,false,11/29/2016,4/23/2025
68,7342928763,PERSONA,Eadie,Renee,Northrop,Hearnshaw,Renee Hearnshaw,986235969304,2/7/2025,F,GRAN EMPRESA,9/27/2021,,ACTIVO,true,2/20/2019,
69,3757586987,PERSONA,Gearard,Anne-marie,Comellini,Tomaszewski,Anne-marie Tomaszewski,721033614040,6/29/2025,F,PYME,1/2/2024,,ACTIVO,false,12/20/2008,
70,5888097591,PERSONA,Poul,Mikel,Zettler,Matheson,Mikel Matheson,377110283470,6/9/2025,F,MICROEMPRESA,2/7/2006,,INACTIVO,true,1/25/2011,
71,7408315454,JURIDICO,Ali,Kit,Poluzzi,Whitland,Kit Whitland,991027535323,7/10/2025,F,RIESGO ALTO,7/10/2007,,INACTIVO,false,12/5/2002,9/9/2025
72,1522181105,JURIDICO,Aurelia,Claus,Wortman,Trinbey,Claus Trinbey,161673415133,7/7/2025,M,BANCA PRIVADA,1/16/2020,,ACTIVO,false,9/2/2003,
73,1079437979,PERSONA,Natty,Tiffanie,Roggers,Shawcroft,Tiffanie Shawcroft,682193891480,10/22/2024,M,PYME,7/6/2015,,INACTIVO,true,6/11/2021,7/8/2025
74,5281108975,JURIDICO,Melina,Laurianne,Waddilove,Parbrook,Laurianne Parbrook,507031141870,3/17/2025,M,GRAN EMPRESA,9/24/2019,,ACTIVO,false,12/13/2017,
75,1417951903,PERSONA,Leelah,Dewey,Summerfield,Downse,Dewey Downse,551298132938,1/2/2025,F,BANCA PRIVADA,5/15/2021,,ACTIVO,true,11/8/2016,
76,4557605533,PERSONA,Lorilyn,Edan,Strelitz,Janout,Edan Janout,131066723334,11/16/2024,OTRO,GRAN EMPRESA,9/14/2012,2/27/2025,INACTIVO,false,9/15/2014,
77,2997280255,JURIDICO,Ermina,Doe,Lowder,Lothean,Doe Lothean,954277382580,9/2/2025,OTRO,GRAN EMPRESA,7/2/2008,9/24/2025,INACTIVO,true,1/19/2012,
78,1224899263,PERSONA,Maurizio,Kare,Johncey,Fanstone,Kare Fanstone,942422351994,12/17/2024,OTRO,MICROEMPRESA,4/20/2002,,INACTIVO,false,1/26/2025,
79,8865529508,JURIDICO,Cortney,Gaylene,Tuckwell,Buckberry,Gaylene Buckberry,299844307209,10/18/2024,M,BANCA PRIVADA,7/9/2003,,INACTIVO,true,1/25/2001,
80,8632993658,JURIDICO,Elisha,Chiquita,Bold,Bibb,Chiquita Bibb,233900763450,11/24/2024,OTRO,MORA,4/2/2003,1/19/2025,ACTIVO,false,4/7/2010,
81,1240289830,PERSONA,Clayton,Wittie,Knee,Foden,Wittie Foden,927570274063,9/30/2024,OTRO,RIESGO ALTO,10/27/2020,,INACTIVO,true,9/20/2002,10/25/2024
82,9515248296,PERSONA,Ellsworth,Anderson,Kelwaybamber,Armatys,Anderson Armatys,168087371350,9/5/2025,F,GRAN EMPRESA,4/7/2025,,ACTIVO,false,11/11/2019,
83,5324618409,JURIDICO,Rochester,Homere,Hemphill,Maggorini,Homere Maggorini,275436015177,12/9/2024,F,RIESGO ALTO,12/25/2008,,INACTIVO,true,4/30/2011,
84,5493873450,JURIDICO,Nata,Kareem,Cookley,Grangier,Kareem Grangier,444784249398,4/27/2025,OTRO,BANCA PRIVADA,1/21/2004,10/13/2024,INACTIVO,true,1/11/2003,
85,8073109145,PERSONA,Murdock,Penny,Klais,Housam,Penny Housam,939534436116,8/13/2025,F,PYME,3/12/2019,,INACTIVO,true,7/22/2021,
86,3921775758,PERSONA,Rolf,Riannon,Grix,de Clerq,Riannon de Clerq,430856144393,1/13/2025,OTRO,BANCA PRIVADA,1/28/2024,,INACTIVO,false,9/18/2019,
87,2885400135,JURIDICO,Nelli,Shaine,Krates,Ackland,Shaine Ackland,727362277253,10/11/2024,OTRO,BANCA PRIVADA,2/17/2017,,ACTIVO,true,3/10/2004,
88,1651177542,JURIDICO,Octavia,Asa,Harken,Robert,Asa Robert,583675800671,9/22/2025,OTRO,GRAN EMPRESA,9/30/2001,,ACTIVO,true,10/5/2005,
89,4547433171,PERSONA,Renault,Cullie,Haygreen,Kynge,Cullie Kynge,983500446863,9/29/2024,OTRO,MORA,6/27/2015,,ACTIVO,true,5/28/2025,
90,9295877875,PERSONA,Shaun,Rochelle,Alexsandrovich,Goulstone,Rochelle Goulstone,352399766993,2/15/2025,M,PYME,1/7/2025,,ACTIVO,false,6/10/2005,
91,7759752202,PERSONA,Berkie,Nedi,Stevani,Wabersinke,Nedi Wabersinke,377900184809,6/21/2025,OTRO,GRAN EMPRESA,4/28/2012,,INACTIVO,true,4/9/2010,
92,2180372450,JURIDICO,Thoma,Pattin,Overlow,O'Leahy,Pattin O'Leahy,798183129061,11/10/2024,F,MORA,11/1/2012,,ACTIVO,false,3/6/2001,
93,6726646598,PERSONA,Quincy,Beale,Tremblett,Elliman,Beale Elliman,730129643345,2/24/2025,F,MORA,5/23/2024,,ACTIVO,false,6/20/2019,
94,7751406796,PERSONA,Annmaria,Heinrick,Todeo,Gecks,Heinrick Gecks,998163685340,2/28/2025,F,GRAN EMPRESA,7/24/2004,,ACTIVO,false,1/27/2018,
95,4395105417,JURIDICO,Timmy,Sarene,Rowly,Leavesley,Sarene Leavesley,462390538922,1/23/2025,OTRO,PYME,12/19/2013,,INACTIVO,false,4/19/2020,
96,7439775651,PERSONA,Haleigh,Rebeca,Babidge,Dowsett,Rebeca Dowsett,475989878629,1/21/2025,OTRO,MICROEMPRESA,4/27/2024,9/16/2025,INACTIVO,false,10/22/2000,
97,2741319675,JURIDICO,Vanya,Geoffry,McIndrew,Petherick,Geoffry Petherick,514440482689,11/1/2024,F,RIESGO ALTO,10/25/2018,,ACTIVO,false,2/7/2014,2/28/2025
98,5978532307,JURIDICO,Klara,Oralle,Rossey,Bingham,Oralle Bingham,204829622249,1/16/2025,M,MICROEMPRESA,2/14/2007,8/23/2025,INACTIVO,false,4/29/2025,5/18/2025
99,5759374907,JURIDICO,Ashlie,Fina,Simion,Garland,Fina Garland,188467493289,9/13/2025,OTRO,MORA,10/1/2003,6/9/2025,INACTIVO,false,3/20/2020,7/29/2025
100,8539354467,JURIDICO,Maribeth,Alameda,Monk,Croke,Alameda Croke,617837751293,3/23/2025,M,BANCA PRIVADA,9/27/2005,12/20/2024,ACTIVO,true,8/3/2003,
101,7574003383,PERSONA,Heath,Cthrine,Killiner,Doddrell,Cthrine Doddrell,499736817789,10/28/2024,F,MORA,3/5/2011,,INACTIVO,false,10/25/2013,
102,1486426558,PERSONA,Mendie,Tonie,Greenshiels,Sharnock,Tonie Sharnock,145650343213,6/24/2025,F,MORA,11/16/2002,1/23/2025,INACTIVO,false,9/11/2022,
103,3482226501,PERSONA,Ashbey,Jeanne,Goodlip,Shapero,Jeanne Shapero,419138928700,7/4/2025,M,RIESGO ALTO,7/8/2004,6/22/2025,INACTIVO,false,4/15/2020,7/13/2025
104,5783993393,PERSONA,Carey,Orson,Erington,Lecount,Orson Lecount,550213028961,2/16/2025,F,GRAN EMPRESA,12/31/2014,,ACTIVO,true,10/21/2007,
105,3164668444,PERSONA,Jillene,Adiana,Noorwood,Giffin,Adiana Giffin,498810685116,11/22/2024,OTRO,GRAN EMPRESA,3/18/2002,,ACTIVO,false,3/11/2002,
106,8285258000,JURIDICO,Melony,Sapphire,Packwood,Murrhardt,Sapphire Murrhardt,682526211799,4/5/2025,OTRO,BANCA PRIVADA,6/8/2002,,ACTIVO,true,8/2/2003,
107,2105642534,JURIDICO,Audie,Boycie,Fullard,Stormes,Boycie Stormes,664622103616,1/2/2025,OTRO,GRAN EMPRESA,1/25/2023,10/18/2024,ACTIVO,true,9/15/2025,10/10/2024
108,5913972974,JURIDICO,Christoph,Sholom,Bruyns,Droogan,Sholom Droogan,500085156956,4/19/2025,OTRO,GRAN EMPRESA,11/23/2007,,ACTIVO,true,12/1/2001,
109,3729710225,JURIDICO,Gabriello,Misti,Guitel,Sleicht,Misti Sleicht,103381936520,9/30/2024,OTRO,MORA,7/25/2006,,INACTIVO,true,10/11/2016,10/30/2024
110,8265213987,PERSONA,Elihu,Meg,Doumerque,Kippins,Meg Kippins,630131172807,10/20/2024,OTRO,PYME,6/15/2011,8/18/2025,INACTIVO,false,5/3/2006,
111,3691326453,PERSONA,Jan,Bernardo,Pattie,Mayer,Bernardo Mayer,173224148580,12/25/2024,OTRO,GRAN EMPRESA,8/27/2016,,INACTIVO,false,3/9/2024,
112,7848030453,JURIDICO,Jamison,Ody,Ilyukhov,Broadis,Ody Broadis,280690628311,9/2/2025,M,MICROEMPRESA,4/26/2025,,ACTIVO,true,10/14/2023,
113,7120146771,JURIDICO,Belinda,Lorene,Marklow,Peeke,Lorene Peeke,712226643664,12/26/2024,M,MICROEMPRESA,5/9/2014,,ACTIVO,true,1/28/2014,
114,3056430203,PERSONA,Antonino,Jayme,McCumesky,Franciotti,Jayme Franciotti,854715145278,12/31/2024,F,RIESGO ALTO,8/1/2002,,INACTIVO,false,8/25/2001,9/6/2025
115,4966664551,PERSONA,Vic,Raul,Stanluck,Gulland,Raul Gulland,735982359104,11/10/2024,F,PYME,8/15/2023,,ACTIVO,true,10/25/2013,
116,1367581735,PERSONA,Nettle,Gavrielle,Pyett,Chatelot,Gavrielle Chatelot,344322757606,10/28/2024,F,RIESGO ALTO,1/5/2020,,ACTIVO,true,12/22/2011,7/19/2025
117,8524154633,PERSONA,Miranda,Norton,Stutter,Kiefer,Norton Kiefer,483798166286,6/28/2025,M,PYME,1/6/2016,,INACTIVO,true,3/11/2014,
118,8263020359,PERSONA,Sharona,Dasha,Hawney,Kemet,Dasha Kemet,932144748779,7/31/2025,OTRO,GRAN EMPRESA,7/31/2016,,INACTIVO,false,1/17/2019,
119,3309934697,JURIDICO,Marshall,Iver,Withams,Iannello,Iver Iannello,346394841398,7/22/2025,M,BANCA PRIVADA,12/18/2008,,ACTIVO,true,1/17/2023,
120,3516397972,PERSONA,Jeniece,Cybill,Giovannelli,Draper,Cybill Draper,372884918814,10/28/2024,M,RIESGO ALTO,12/17/2018,,INACTIVO,false,8/26/2010,
121,7155247720,JURIDICO,Corry,Meredeth,Chatelet,Sherman,Meredeth Sherman,678339865930,1/28/2025,F,GRAN EMPRESA,4/7/2004,,ACTIVO,false,7/16/2003,
122,3765011046,JURIDICO,Annetta,Vita,Burkwood,Petrie,Vita Petrie,148867170449,1/10/2025,OTRO,RIESGO ALTO,9/15/2013,3/11/2025,ACTIVO,false,4/27/2013,
123,6907777849,PERSONA,Bernadina,Archambault,Guilfoyle,McKevitt,Archambault McKevitt,882943153857,5/9/2025,F,RIESGO ALTO,12/14/2023,12/4/2024,INACTIVO,true,9/4/2023,
124,4676791243,PERSONA,Gannie,Conny,Lippett,Sarjant,Conny Sarjant,531634463880,3/9/2025,F,BANCA PRIVADA,10/23/2004,,ACTIVO,true,10/27/2009,8/23/2025
125,8305514496,JURIDICO,Demetrius,Edlin,Leydon,Look,Edlin Look,506410199275,6/23/2025,OTRO,MICROEMPRESA,6/13/2025,,ACTIVO,true,2/20/2001,
126,5405197733,PERSONA,Fanni,Diane-marie,Wendover,Antonchik,Diane-marie Antonchik,205655511669,4/13/2025,F,RIESGO ALTO,2/26/2025,,INACTIVO,false,4/13/2024,
127,6929410553,JURIDICO,Kaela,Joannes,Pidgen,Killigrew,Joannes Killigrew,274944170417,12/23/2024,M,PYME,11/30/2000,,INACTIVO,false,1/22/2006,
128,4170974472,JURIDICO,Paquito,Lauraine,Carine,Moodey,Lauraine Moodey,203475539333,11/21/2024,M,PYME,12/6/2010,,ACTIVO,true,8/28/2024,
129,5426445500,JURIDICO,Rochella,Vite,Cheales,Cahill,Vite Cahill,513889306422,8/8/2025,F,RIESGO ALTO,2/14/2019,7/16/2025,INACTIVO,true,3/23/2016,
130,3513155556,JURIDICO,Sile,Aleece,Rountree,O'Hogertie,Aleece O'Hogertie,122492371936,2/11/2025,F,GRAN EMPRESA,2/11/2004,7/2/2025,INACTIVO,true,12/17/2015,
131,3044366513,PERSONA,Timi,Franky,Cornhill,Narup,Franky Narup,317368750635,9/23/2025,OTRO,MORA,8/30/2024,,ACTIVO,true,12/11/2000,
132,1115045355,JURIDICO,Horten,Kerr,Dalgleish,Reye,Kerr Reye,317935354450,9/18/2025,OTRO,PYME,4/12/2008,,ACTIVO,true,5/4/2016,9/26/2025
133,3662624961,PERSONA,Sylas,Mattie,Risdale,Moodie,Mattie Moodie,352962357290,5/22/2025,F,RIESGO ALTO,2/20/2013,11/30/2024,INACTIVO,false,9/6/2020,
134,6674962905,JURIDICO,Gustavo,Grazia,Farbrother,Croft,Grazia Croft,803547587134,7/11/2025,OTRO,GRAN EMPRESA,10/8/2019,,INACTIVO,true,4/14/2017,
135,2720791877,PERSONA,Ondrea,Kirsti,Nuzzi,Howard - Gater,Kirsti Howard - Gater,808178671142,6/20/2025,M,MORA,9/3/2012,,ACTIVO,false,9/13/2019,
136,1155474319,JURIDICO,Conny,Nevile,Grinyov,Philot,Nevile Philot,758223108093,7/15/2025,F,PYME,7/6/2002,,INACTIVO,true,1/28/2018,
137,3458419244,PERSONA,Nathaniel,Thadeus,Menco,Restorick,Thadeus Restorick,129648024812,11/12/2024,M,GRAN EMPRESA,1/18/2010,,ACTIVO,false,10/30/2023,
138,5479008592,JURIDICO,Hayward,Danita,Gouldie,Gabbetis,Danita Gabbetis,217253986426,12/29/2024,M,PYME,3/10/2002,,ACTIVO,false,3/17/2023,2/27/2025
139,1376976816,JURIDICO,Nye,Mikaela,Rhucroft,Aymeric,Mikaela Aymeric,827053955450,12/18/2024,F,RIESGO ALTO,7/2/2016,,INACTIVO,true,7/23/2023,
140,9564285982,JURIDICO,Rainer,Alisa,Hallin,Hamlet,Alisa Hamlet,850568471402,3/30/2025,F,RIESGO ALTO,7/28/2006,,ACTIVO,true,6/10/2005,
141,8387691377,JURIDICO,Evin,Amity,Cloy,McKibben,Amity McKibben,682849393506,4/20/2025,OTRO,GRAN EMPRESA,6/17/2014,,INACTIVO,false,12/22/2011,
142,5104777901,JURIDICO,Meghann,Nancee,Danter,Kienzle,Nancee Kienzle,416548943102,12/16/2024,M,RIESGO ALTO,6/2/2002,,ACTIVO,true,6/18/2002,
143,3760278916,JURIDICO,Orlando,Marven,Cheeney,Brundell,Marven Brundell,551482399279,7/10/2025,M,MORA,12/16/2013,,ACTIVO,true,8/31/2018,
144,1629405789,JURIDICO,Wait,Marquita,Rappoport,Bockings,Marquita Bockings,920832469046,6/5/2025,F,RIESGO ALTO,1/6/2003,,INACTIVO,false,6/29/2005,
145,7779787225,JURIDICO,Rich,Odo,Weber,McCerery,Odo McCerery,864463496471,10/14/2024,OTRO,GRAN EMPRESA,11/21/2013,,ACTIVO,true,9/30/2016,
146,4265538141,JURIDICO,Terry,Lorne,Sammon,Mintoft,Lorne Mintoft,897431239164,10/21/2024,M,MORA,4/9/2014,2/2/2025,ACTIVO,false,12/1/2015,
147,9185716075,JURIDICO,Willi,Perkin,Beadel,Ashard,Perkin Ashard,269633469605,7/25/2025,F,MORA,7/29/2005,,ACTIVO,true,3/26/2024,
148,4216498116,PERSONA,Clyve,Halette,Carville,Shakshaft,Halette Shakshaft,805938148208,5/9/2025,F,PYME,2/10/2025,,ACTIVO,false,11/11/2022,
149,3141040672,PERSONA,Kai,Onida,Kestell,Fairbairn,Onida Fairbairn,786161487895,4/26/2025,OTRO,GRAN EMPRESA,10/13/2008,,INACTIVO,true,2/8/2020,
150,3511629797,PERSONA,Manda,Englebert,Corneck,Bointon,Englebert Bointon,969657955173,1/22/2025,F,PYME,6/3/2014,,ACTIVO,false,8/20/2014,
151,4383957119,PERSONA,Jermayne,Chantalle,Jarry,Faustian,Chantalle Faustian,990581584014,6/11/2025,F,PYME,9/17/2005,,INACTIVO,false,3/15/2017,3/12/2025
152,7170024499,PERSONA,Layla,Klara,Senett,Midlar,Klara Midlar,960448768578,12/12/2024,M,MORA,11/20/2010,,INACTIVO,false,7/19/2002,
153,9599845983,PERSONA,Vite,Denna,Restieaux,Nodin,Denna Nodin,345041346647,4/22/2025,OTRO,RIESGO ALTO,7/20/2010,,INACTIVO,false,10/9/2003,
154,7625006848,PERSONA,Evania,Evered,Kingaby,Fleeming,Evered Fleeming,220853504548,8/16/2025,OTRO,PYME,8/19/2005,11/30/2024,ACTIVO,true,7/17/2003,6/23/2025
155,4458794837,JURIDICO,Ermanno,Rodrigo,Athey,Chatt,Rodrigo Chatt,648977041762,5/13/2025,OTRO,PYME,5/16/2017,7/25/2025,ACTIVO,false,4/29/2019,
156,1122649689,PERSONA,Janella,Olivie,Gartsyde,Ruscoe,Olivie Ruscoe,138720880481,10/4/2024,OTRO,PYME,12/14/2001,,INACTIVO,true,1/25/2009,7/18/2025
157,2142569180,PERSONA,Tomaso,Griz,Burgill,Balsellie,Griz Balsellie,427963271906,2/6/2025,F,PYME,5/5/2006,,ACTIVO,false,1/24/2020,
158,1224043208,PERSONA,Kirsti,Pip,Maldin,Godbolt,Pip Godbolt,437002056052,8/21/2025,F,MICROEMPRESA,10/11/2003,,ACTIVO,false,8/3/2019,
159,3762237946,JURIDICO,Braden,Fairleigh,Dundin,Callington,Fairleigh Callington,565959147242,4/28/2025,OTRO,GRAN EMPRESA,8/10/2025,,ACTIVO,true,6/8/2012,
160,1439332150,JURIDICO,Robert,Chas,Lowson,Richarz,Chas Richarz,597098147230,6/5/2025,OTRO,GRAN EMPRESA,12/23/2002,,INACTIVO,false,3/16/2006,
161,7527930700,PERSONA,Heath,Arvie,Goodoune,Vick,Arvie Vick,368718292478,10/22/2024,M,RIESGO ALTO,1/4/2021,7/9/2025,ACTIVO,false,4/30/2021,
162,2914068308,PERSONA,Luigi,Lorry,Roizn,Roubottom,Lorry Roubottom,347863012972,5/13/2025,F,MORA,2/27/2016,,INACTIVO,true,4/13/2012,
163,8335001586,JURIDICO,Brion,Hermie,Tanfield,Scoon,Hermie Scoon,504688924404,8/5/2025,OTRO,PYME,8/23/2025,,INACTIVO,false,1/22/2025,
164,8822727097,PERSONA,Natasha,Marquita,Grayne,Macura,Marquita Macura,546542016206,6/13/2025,F,MICROEMPRESA,4/29/2023,,ACTIVO,true,3/31/2017,
165,3046542298,PERSONA,Heywood,Carlota,Gimert,Kirman,Carlota Kirman,880349533945,7/14/2025,F,MORA,7/12/2017,,INACTIVO,false,9/26/2003,
166,7065265027,JURIDICO,Gayleen,Ashlin,Hallet,Soan,Ashlin Soan,243151813885,11/14/2024,M,MORA,5/23/2015,,ACTIVO,false,2/26/2024,
167,7785310370,PERSONA,Samantha,Celia,Nadin,Gehringer,Celia Gehringer,926061582325,3/29/2025,M,GRAN EMPRESA,1/24/2011,,ACTIVO,true,7/19/2012,
168,9919396996,JURIDICO,Ruddy,Kaylil,Oakwood,Kermode,Kaylil Kermode,501314119336,12/26/2024,OTRO,PYME,6/3/2014,,INACTIVO,false,6/3/2012,1/23/2025
169,3205766890,JURIDICO,Hewett,Mackenzie,Huyche,Arblaster,Mackenzie Arblaster,757942923588,8/21/2025,F,GRAN EMPRESA,10/8/2003,,INACTIVO,true,12/25/2019,6/22/2025
170,9707231678,JURIDICO,Bartolemo,Edd,Sinnock,Saket,Edd Saket,452754799060,5/14/2025,M,MICROEMPRESA,2/9/2004,11/17/2024,INACTIVO,false,2/9/2001,
171,5653805848,JURIDICO,Beatrix,Cecilio,Druce,Keaves,Cecilio Keaves,343868571450,2/26/2025,F,MORA,1/1/2006,,ACTIVO,true,12/10/2021,
172,7265217403,JURIDICO,Patrizio,Duke,Blumire,Tamsett,Duke Tamsett,635015189712,7/13/2025,M,BANCA PRIVADA,1/31/2011,,INACTIVO,true,1/14/2003,
173,1498629570,PERSONA,Deirdre,Tedd,Dunwoody,Stuffins,Tedd Stuffins,192240609708,7/21/2025,F,RIESGO ALTO,10/8/2006,,INACTIVO,false,7/4/2008,
174,7901459955,PERSONA,Clim,Marybeth,O'Cosgra,Buye,Marybeth Buye,187423908240,7/7/2025,OTRO,MICROEMPRESA,9/14/2011,,ACTIVO,false,7/10/2010,
175,3243736303,JURIDICO,Thalia,Lyndsie,Verni,Aylesbury,Lyndsie Aylesbury,376439363382,7/7/2025,M,GRAN EMPRESA,9/12/2025,,INACTIVO,true,8/20/2013,
176,6620430107,JURIDICO,Lian,Irina,Di Bartolomeo,Verrills,Irina Verrills,546196176607,1/13/2025,F,BANCA PRIVADA,7/9/2025,,INACTIVO,false,5/2/2006,
177,7515237482,JURIDICO,Maurine,Bunnie,Gibbs,Joannidi,Bunnie Joannidi,805711001535,1/13/2025,M,MORA,1/8/2021,,INACTIVO,true,1/15/2004,2/20/2025
178,2474583457,JURIDICO,Lauralee,Christos,Dimond,Beadle,Christos Beadle,568495211056,12/5/2024,OTRO,MORA,11/19/2011,,INACTIVO,true,3/2/2006,2/15/2025
179,1471892878,JURIDICO,Judy,Bianka,Dienes,Rahl,Bianka Rahl,765382513517,6/3/2025,OTRO,BANCA PRIVADA,2/15/2019,,ACTIVO,false,11/14/2024,
180,9502959333,PERSONA,Viola,Eliza,Michieli,Wildbore,Eliza Wildbore,439258620927,7/9/2025,OTRO,GRAN EMPRESA,10/25/2017,,INACTIVO,true,2/12/2013,1/3/2025
181,8230888723,PERSONA,Quinton,Andree,Gyurkovics,Maass,Andree Maass,733213415194,4/29/2025,OTRO,MICROEMPRESA,9/5/2021,,INACTIVO,false,2/15/2004,
182,1100318521,JURIDICO,Sybil,Catie,Bootherstone,Shelton,Catie Shelton,552893548755,7/7/2025,M,RIESGO ALTO,6/21/2005,,INACTIVO,true,10/15/2002,
183,9572460649,PERSONA,Taryn,Rudolph,Clinch,Crilly,Rudolph Crilly,316878464305,8/4/2025,F,PYME,3/15/2023,,INACTIVO,true,10/2/2014,
184,4141653538,PERSONA,Nomi,Pavel,Schubart,Cancelier,Pavel Cancelier,708776217180,2/4/2025,OTRO,RIESGO ALTO,1/3/2002,,ACTIVO,false,1/31/2019,
185,3651075337,JURIDICO,Sofie,Jonis,Timmins,Smickle,Jonis Smickle,541618086962,7/26/2025,M,GRAN EMPRESA,5/25/2012,,INACTIVO,false,5/25/2015,
186,1459607357,PERSONA,Dalis,Noach,Parkeson,Flecknell,Noach Flecknell,435148175950,5/9/2025,OTRO,MORA,9/28/2011,,INACTIVO,false,4/27/2024,5/14/2025
187,9019497529,PERSONA,Deeyn,Eddy,Feldmark,Gianuzzi,Eddy Gianuzzi,991025339851,1/22/2025,M,RIESGO ALTO,6/4/2012,,INACTIVO,true,2/26/2018,
188,9612021361,JURIDICO,Aubrey,Minnie,Blampied,Dorracott,Minnie Dorracott,177120260615,1/30/2025,OTRO,PYME,9/13/2021,8/17/2025,INACTIVO,false,10/2/2000,
189,8481120436,PERSONA,Hope,Gwenette,Kiraly,Essam,Gwenette Essam,845809588034,6/24/2025,F,MORA,10/29/2022,5/22/2025,INACTIVO,true,3/15/2019,
190,9823021417,JURIDICO,Chauncey,Bondy,Wadge,Depper,Bondy Depper,196013522953,8/6/2025,M,MICROEMPRESA,6/8/2021,1/21/2025,INACTIVO,true,9/13/2009,3/14/2025
191,1258675483,JURIDICO,Brooks,Aylmer,Petruska,Burgwin,Aylmer Burgwin,618238511735,11/17/2024,OTRO,MICROEMPRESA,4/17/2010,,ACTIVO,false,6/7/2010,
192,3904984865,PERSONA,Noellyn,Alon,Sivorn,Braysher,Alon Braysher,336710655700,6/10/2025,M,MICROEMPRESA,1/6/2016,,ACTIVO,false,7/17/2018,2/15/2025
193,7012672678,JURIDICO,Veronica,Orin,Cathrae,Orringe,Orin Orringe,117509032016,4/29/2025,F,RIESGO ALTO,3/24/2005,,ACTIVO,true,12/26/2015,
194,9766438218,PERSONA,Angelina,Isa,Speer,Rust,Isa Rust,514612397986,12/6/2024,F,GRAN EMPRESA,12/17/2020,,INACTIVO,true,6/12/2024,
195,7073060118,PERSONA,Abe,Anallise,Strattan,Ick,Anallise Ick,566937933532,7/8/2025,M,MORA,12/16/2023,,INACTIVO,true,3/24/2005,
196,4802795292,JURIDICO,Filmore,Clarie,Molineaux,Hearon,Clarie Hearon,156770741895,7/29/2025,OTRO,MORA,5/17/2006,,INACTIVO,true,2/20/2017,
197,3210875344,PERSONA,Roderic,Saba,Kinnach,Sheach,Saba Sheach,371451577600,5/20/2025,F,BANCA PRIVADA,1/21/2009,,ACTIVO,true,5/14/2015,
198,8140443595,JURIDICO,Johna,Leoine,Boosey,Comolli,Leoine Comolli,106866743566,5/10/2025,OTRO,PYME,9/3/2002,,ACTIVO,true,11/27/2017,
199,8180595651,PERSONA,Thomasine,Loren,Causley,Cuming,Loren Cuming,313172904128,12/18/2024,M,PYME,3/13/2021,,ACTIVO,false,10/18/2000,
200,2793323122,PERSONA,Forrest,Lyman,MacClay,Haylands,Lyman Haylands,612855104590,9/23/2025,OTRO,PYME,2/3/2016,,ACTIVO,false,3/3/2013,
201,2509377652,JURIDICO,Heall,Grier,Darley,Inker,Grier Inker,249044904471,9/14/2025,F,BANCA PRIVADA,12/26/2011,1/23/2025,INACTIVO,true,10/21/2001,3/18/2025
202,4663894434,JURIDICO,Noni,Nels,Balf,Kowalik,Nels Kowalik,717630962611,10/5/2024,M,BANCA PRIVADA,6/29/2019,,ACTIVO,false,7/28/2023,
203,4626281382,JURIDICO,Crosby,Stearn,Mathe,Dominguez,Stearn Dominguez,113549768933,10/4/2024,F,PYME,5/22/2009,,ACTIVO,true,6/13/2025,
204,5678872365,PERSONA,Arlina,Starr,Denver,Duffield,Starr Duffield,367179123605,12/8/2024,OTRO,RIESGO ALTO,2/22/2016,,ACTIVO,true,8/4/2025,
205,8108104281,PERSONA,Daniel,Urson,Almeida,Negro,Urson Negro,582752996793,12/18/2024,F,MICROEMPRESA,5/7/2004,,ACTIVO,true,1/17/2018,
206,1676803717,PERSONA,Cecilius,Lauryn,Lawtey,Suff,Lauryn Suff,216283609486,4/18/2025,F,PYME,4/8/2004,,ACTIVO,false,8/14/2015,
207,3749483663,PERSONA,Bordy,Arel,Deekes,Pudney,Arel Pudney,950789311078,2/16/2025,M,RIESGO ALTO,7/8/2023,8/18/2025,INACTIVO,false,4/11/2013,10/10/2024
208,9780227085,PERSONA,Saudra,Dawna,Staff,Krook,Dawna Krook,532991083100,11/24/2024,F,RIESGO ALTO,8/27/2001,,ACTIVO,false,4/8/2025,7/13/2025
209,7753111132,JURIDICO,Lyndsie,Bethanne,Gounet,Wardingley,Bethanne Wardingley,407755452083,2/24/2025,M,PYME,6/10/2009,11/5/2024,ACTIVO,true,12/22/2000,1/7/2025
210,1340823447,JURIDICO,Hilary,Hayward,Wrassell,Kilmaster,Hayward Kilmaster,927940404063,8/25/2025,M,RIESGO ALTO,12/6/2013,,ACTIVO,false,8/16/2020,12/22/2024
211,1502261942,JURIDICO,Phip,Darda,Fairleigh,Millard,Darda Millard,958719254709,3/26/2025,F,MICROEMPRESA,5/2/2013,,INACTIVO,false,3/7/2022,
212,6159398070,JURIDICO,Riannon,Gun,Yitzovitz,Gifkins,Gun Gifkins,527518548042,12/12/2024,OTRO,PYME,10/10/2007,,ACTIVO,false,2/4/2008,
213,8677294433,PERSONA,Justen,Adria,Sherrard,Craghead,Adria Craghead,290192339605,11/13/2024,F,RIESGO ALTO,2/16/2002,,ACTIVO,false,1/31/2016,
214,7465865017,JURIDICO,Lonee,Gillan,Gerrens,Riguard,Gillan Riguard,191847666966,10/23/2024,M,GRAN EMPRESA,5/23/2024,,ACTIVO,false,7/9/2011,
215,3580862215,JURIDICO,Prinz,Tallie,Roome,Tomasicchio,Tallie Tomasicchio,682335201085,2/22/2025,M,PYME,1/8/2007,4/8/2025,ACTIVO,true,3/9/2010,
216,6681710992,PERSONA,Vinnie,Cecilio,Meekings,Bricket,Cecilio Bricket,280737974561,3/12/2025,M,BANCA PRIVADA,8/6/2018,,ACTIVO,false,2/24/2016,
217,9289432088,PERSONA,Ilene,Mose,McIntosh,Lean,Mose Lean,574165129402,7/21/2025,M,PYME,7/2/2012,,INACTIVO,true,12/5/2016,1/29/2025
218,5994798161,JURIDICO,Shandee,Lucina,Hartman,Gogerty,Lucina Gogerty,418160288920,1/17/2025,F,MORA,8/24/2015,,INACTIVO,false,8/25/2003,
219,9694550259,JURIDICO,Gav,Alessandro,Brake,Sanbrook,Alessandro Sanbrook,968668963054,12/15/2024,M,GRAN EMPRESA,8/7/2007,,INACTIVO,true,4/30/2007,
220,9650069003,JURIDICO,Myrle,Gottfried,Zimmermeister,Hemphall,Gottfried Hemphall,128107166265,3/19/2025,F,MORA,4/18/2024,3/28/2025,INACTIVO,true,10/6/2018,
221,8201777121,PERSONA,Klaus,Vonnie,Capp,Clemencet,Vonnie Clemencet,820114095489,10/19/2024,OTRO,GRAN EMPRESA,9/30/2017,,ACTIVO,true,11/2/2014,
222,8322367541,JURIDICO,Brunhilda,Broddie,Gerlack,Guillon,Broddie Guillon,385168052490,1/20/2025,M,RIESGO ALTO,1/26/2009,,ACTIVO,false,6/16/2024,
223,3151806697,JURIDICO,Ivor,Bernard,Stainbridge,Lusher,Bernard Lusher,569225512359,9/24/2025,M,MICROEMPRESA,2/15/2015,5/7/2025,INACTIVO,true,1/1/2021,
224,7519725373,JURIDICO,Elna,Aldrich,Auchterlony,Shakle,Aldrich Shakle,995028039069,5/3/2025,F,RIESGO ALTO,2/18/2017,,INACTIVO,false,5/14/2019,
225,9925516524,PERSONA,Constancia,Daniella,Ducrow,Allridge,Daniella Allridge,646075129604,5/22/2025,F,RIESGO ALTO,2/14/2014,,ACTIVO,true,8/13/2017,
226,4059280744,JURIDICO,Niki,Meggi,Muttitt,Huygens,Meggi Huygens,994749724179,7/23/2025,OTRO,MICROEMPRESA,12/29/2005,,INACTIVO,true,9/20/2017,
227,8538435216,JURIDICO,Maximilianus,Stu,Palia,McComb,Stu McComb,359868307284,6/19/2025,M,MICROEMPRESA,7/2/2017,,INACTIVO,true,6/21/2001,
228,4127944067,JURIDICO,Leoline,Colene,Melbert,Losel,Colene Losel,971648321704,6/23/2025,M,GRAN EMPRESA,6/24/2012,,INACTIVO,false,1/3/2020,
229,7679427832,PERSONA,Reagen,Christan,Cordaroy,Donoher,Christan Donoher,799664936791,9/17/2025,OTRO,RIESGO ALTO,3/14/2011,,ACTIVO,true,6/28/2024,
230,4172966041,JURIDICO,Gwendolen,Lorry,Cornbell,Sowten,Lorry Sowten,543268910858,8/24/2025,M,MORA,1/28/2011,,INACTIVO,false,8/20/2003,
231,8562165878,JURIDICO,Xerxes,Torrey,Mulderrig,Machel,Torrey Machel,376413676310,7/30/2025,OTRO,RIESGO ALTO,11/26/2018,11/3/2024,ACTIVO,false,11/4/2007,
232,8605441333,JURIDICO,Barbaraanne,Karlotte,de Leon,Dudderidge,Karlotte Dudderidge,497253014254,10/29/2024,OTRO,GRAN EMPRESA,1/26/2009,,ACTIVO,true,9/18/2009,
233,1011534319,PERSONA,Elisabetta,Renaldo,Rableau,Zum Felde,Renaldo Zum Felde,988478031455,9/30/2024,OTRO,MORA,1/26/2023,,ACTIVO,false,5/3/2004,
234,6691859964,JURIDICO,Horst,Philip,Hancorn,Ashton,Philip Ashton,336519186356,1/17/2025,M,PYME,11/24/2009,,ACTIVO,true,8/12/2020,
235,8774405509,JURIDICO,Augy,Korella,Duigenan,Carslaw,Korella Carslaw,950285873147,5/18/2025,M,MORA,7/26/2009,8/1/2025,ACTIVO,true,4/17/2024,
236,6262640126,JURIDICO,Addison,Miguel,Whawell,Marling,Miguel Marling,976628590856,11/13/2024,OTRO,PYME,11/18/2007,,ACTIVO,true,6/4/2025,
237,2041680242,JURIDICO,Gardner,Klaus,Torrance,Brownsword,Klaus Brownsword,690133635645,12/21/2024,OTRO,BANCA PRIVADA,7/3/2018,,ACTIVO,true,1/22/2007,
238,3376451890,JURIDICO,Tally,Hercules,Bowering,Skune,Hercules Skune,147918662013,6/30/2025,F,PYME,5/14/2005,,ACTIVO,true,10/1/2024,
239,8811332648,JURIDICO,Melisse,Salaidh,Perrett,Bliven,Salaidh Bliven,453526346610,9/18/2025,M,GRAN EMPRESA,12/16/2022,,ACTIVO,false,11/23/2023,4/5/2025
240,5419315018,PERSONA,Smith,Addy,Zmitruk,McWaters,Addy McWaters,348267380899,7/13/2025,OTRO,BANCA PRIVADA,2/11/2010,,ACTIVO,true,12/16/2011,
241,7880376353,PERSONA,Lucian,Lori,Scrigmour,Yuryev,Lori Yuryev,766836038776,12/29/2024,OTRO,MICROEMPRESA,11/17/2019,,INACTIVO,true,3/11/2023,
242,1020481545,JURIDICO,Hedwig,Salim,Lorden,Darkins,Salim Darkins,141990208733,12/14/2024,M,BANCA PRIVADA,12/12/2008,,ACTIVO,false,8/29/2010,
243,8563188232,PERSONA,Gennifer,Daniele,Bygreaves,Mesnard,Daniele Mesnard,202165947580,9/14/2025,OTRO,MICROEMPRESA,9/9/2006,,ACTIVO,true,3/26/2012,
244,2534338587,PERSONA,Robinett,Ekaterina,Fauguel,Thornley,Ekaterina Thornley,473640601068,2/5/2025,M,RIESGO ALTO,8/6/2023,,INACTIVO,true,11/29/2022,
245,5566238282,JURIDICO,Miguela,Conny,Pogue,Lowres,Conny Lowres,584725106978,5/9/2025,M,RIESGO ALTO,12/25/2020,3/23/2025,ACTIVO,false,11/17/2017,8/20/2025
246,7858872445,PERSONA,Ruddie,Raviv,McKeachie,Rieme,Raviv Rieme,947808359638,3/18/2025,M,MORA,6/10/2004,,ACTIVO,true,2/26/2020,8/9/2025
247,7641800346,JURIDICO,Arley,Remy,Sherwill,Village,Remy Village,860835499429,4/7/2025,OTRO,PYME,7/9/2003,,ACTIVO,true,8/9/2017,
248,1094514249,JURIDICO,Bonny,Catarina,Agar,Parton,Catarina Parton,504007073102,1/20/2025,OTRO,BANCA PRIVADA,9/14/2006,,ACTIVO,true,10/27/2015,
249,5249043096,PERSONA,Bone,Eirena,Brunel,Kedslie,Eirena Kedslie,907584402148,7/7/2025,M,BANCA PRIVADA,6/7/2015,,INACTIVO,false,11/8/2002,
250,9036723824,PERSONA,Brock,Gerhard,Downie,Round,Gerhard Round,573856235986,3/12/2025,OTRO,BANCA PRIVADA,12/2/2020,,ACTIVO,true,9/25/2011,12/25/2024
251,8961851494,PERSONA,Ada,Lem,Russ,Krollman,Lem Krollman,538950647816,7/31/2025,OTRO,GRAN EMPRESA,10/14/2006,,INACTIVO,false,9/5/2002,
252,3737074743,PERSONA,Arabele,Chadwick,Bycraft,Meneo,Chadwick Meneo,825311677574,8/2/2025,M,BANCA PRIVADA,1/28/2023,5/23/2025,ACTIVO,true,1/5/2019,6/14/2025
253,3763382622,JURIDICO,Mechelle,Fernande,Pollard,Orme,Fernande Orme,120088256606,5/11/2025,M,RIESGO ALTO,1/17/2003,12/11/2024,ACTIVO,true,4/16/2017,3/17/2025
254,2253741947,PERSONA,Willie,Viva,Stockey,Salmon,Viva Salmon,535080988443,6/11/2025,OTRO,BANCA PRIVADA,10/13/2013,,INACTIVO,true,1/24/2005,
255,5702084592,PERSONA,Ermanno,Jeffry,Jerred,Compford,Jeffry Compford,996975963653,9/19/2025,M,BANCA PRIVADA,10/18/2019,,INACTIVO,true,9/8/2001,
256,6607840342,JURIDICO,Levin,Reena,Pattini,Ruppele,Reena Ruppele,463264129257,7/9/2025,F,BANCA PRIVADA,3/5/2011,,INACTIVO,false,12/12/2018,
257,5743087936,JURIDICO,Bobinette,Lissie,Trehearne,Bresman,Lissie Bresman,761007343964,9/1/2025,F,PYME,7/26/2019,,ACTIVO,false,5/8/2012,
258,9007316036,PERSONA,Ebba,Drusie,Pering,Dowzell,Drusie Dowzell,278193480870,2/24/2025,OTRO,PYME,8/1/2007,,INACTIVO,false,2/4/2011,
259,7797191635,PERSONA,Augy,Blayne,Vannuccini,Slainey,Blayne Slainey,108807540203,4/8/2025,M,MORA,12/19/2023,,INACTIVO,true,5/18/2012,
260,8084577644,PERSONA,Sibeal,Clovis,Saturley,Cownden,Clovis Cownden,415203696666,12/2/2024,OTRO,PYME,9/17/2004,,ACTIVO,true,2/22/2017,
261,6672063741,PERSONA,Judith,Daniela,Brightman,McGinnell,Daniela McGinnell,761698802602,1/29/2025,M,MICROEMPRESA,12/18/2016,8/14/2025,ACTIVO,true,1/17/2024,
262,1150536761,PERSONA,Rosina,Cristine,Malyan,Sutherel,Cristine Sutherel,722175102090,7/31/2025,M,RIESGO ALTO,8/17/2013,,ACTIVO,false,3/12/2022,
263,5303316559,PERSONA,Sherwood,Raviv,Yude,Sarjant,Raviv Sarjant,468591920429,2/12/2025,F,MICROEMPRESA,12/26/2019,,INACTIVO,true,3/1/2001,
264,7213072984,JURIDICO,Malachi,Olivie,Draper,Starbucke,Olivie Starbucke,178030423112,11/20/2024,F,GRAN EMPRESA,8/30/2004,,INACTIVO,true,1/27/2009,
265,6846924281,PERSONA,Pamela,Audrye,Gregan,Le Fevre,Audrye Le Fevre,220432752388,4/6/2025,F,BANCA PRIVADA,2/26/2007,,ACTIVO,false,7/9/2010,4/9/2025
266,5371122861,PERSONA,Meryl,Elnar,Starmore,Abdy,Elnar Abdy,146083222920,5/1/2025,M,BANCA PRIVADA,9/26/2009,,ACTIVO,true,7/14/2012,
267,5391070880,PERSONA,Brande,Benito,Howlin,Schirok,Benito Schirok,716189900885,10/13/2024,OTRO,BANCA PRIVADA,12/7/2021,10/7/2024,INACTIVO,false,9/18/2020,
268,7220978479,PERSONA,Normie,Merrile,Klas,MacMurray,Merrile MacMurray,176287477658,5/16/2025,F,MICROEMPRESA,11/23/2023,5/6/2025,INACTIVO,false,7/3/2022,5/5/2025
269,5794750882,JURIDICO,Sayers,Lindsey,Wagnerin,Battle,Lindsey Battle,647852822648,2/26/2025,OTRO,BANCA PRIVADA,1/22/2020,,INACTIVO,true,8/23/2018,
270,1452947730,JURIDICO,Eduard,Benedikt,Follis,Dye,Benedikt Dye,397882381692,5/8/2025,M,MORA,5/18/2019,,INACTIVO,true,5/21/2018,
271,9395039189,PERSONA,Clay,Annalise,Geleman,Cleaves,Annalise Cleaves,400625836787,12/19/2024,F,BANCA PRIVADA,6/11/2018,6/24/2025,INACTIVO,false,5/14/2004,
272,5266399383,JURIDICO,Val,Forbes,Spikins,Dentith,Forbes Dentith,274029818807,5/17/2025,M,MICROEMPRESA,7/10/2009,,ACTIVO,true,5/31/2003,
273,2985131462,JURIDICO,Claudine,Crosby,Skinn,Evenden,Crosby Evenden,342389956167,10/3/2024,F,MORA,6/30/2003,6/24/2025,INACTIVO,false,8/19/2001,
274,5719778791,JURIDICO,Devina,Hubert,Dreschler,Dwelly,Hubert Dwelly,973580720519,11/17/2024,M,GRAN EMPRESA,10/12/2011,,INACTIVO,false,4/2/2013,
275,4864745792,JURIDICO,Veronique,Lucretia,Roper,Winkett,Lucretia Winkett,555725811338,3/9/2025,F,GRAN EMPRESA,2/9/2018,,INACTIVO,true,10/13/2018,
276,3336850421,JURIDICO,Engelbert,Maximilien,Tuxsell,Le Friec,Maximilien Le Friec,730909392315,10/31/2024,M,MORA,11/4/2021,12/23/2024,INACTIVO,false,2/9/2010,
277,5773496198,JURIDICO,Daron,Darice,Hauxwell,Lukes,Darice Lukes,428030654536,2/12/2025,F,PYME,12/31/2002,,ACTIVO,false,7/15/2007,12/30/2024
278,8474002217,PERSONA,Dani,Goldia,Zanicchi,Costin,Goldia Costin,425861652656,1/14/2025,OTRO,BANCA PRIVADA,6/23/2013,,INACTIVO,true,11/11/2003,
279,4171373273,JURIDICO,Justine,Xaviera,Alcalde,Willimot,Xaviera Willimot,367385747738,2/4/2025,F,PYME,7/22/2022,,ACTIVO,false,5/17/2018,
280,2731097439,PERSONA,Marcile,Herold,Hulk,Dolley,Herold Dolley,416409005339,7/19/2025,F,GRAN EMPRESA,6/20/2023,9/6/2025,INACTIVO,true,9/3/2014,12/29/2024
281,9409732869,PERSONA,Garrett,Datha,Craiker,Reedie,Datha Reedie,388324206996,1/20/2025,M,MICROEMPRESA,2/23/2022,,INACTIVO,true,11/18/2015,4/13/2025
282,4258300706,PERSONA,Valdemar,Olin,Dootson,Michallat,Olin Michallat,917874922559,7/7/2025,M,BANCA PRIVADA,7/2/2022,,ACTIVO,false,7/19/2020,
283,9494059776,JURIDICO,Shannen,Winfield,Tomkowicz,Basillon,Winfield Basillon,380689835448,10/11/2024,OTRO,MORA,3/31/2005,,ACTIVO,true,7/12/2016,
284,8466785176,JURIDICO,Hakim,Dasi,Casement,Birdseye,Dasi Birdseye,279908593157,2/4/2025,M,BANCA PRIVADA,7/26/2007,,INACTIVO,false,8/12/2006,11/6/2024
285,5323770319,PERSONA,Henry,Melesa,Rubroe,Murrison,Melesa Murrison,926675226025,4/8/2025,F,BANCA PRIVADA,9/18/2010,,ACTIVO,true,3/27/2004,
286,4606606797,JURIDICO,Clary,Sayers,Piers,Wathen,Sayers Wathen,817640575181,9/21/2025,OTRO,PYME,1/20/2013,,INACTIVO,false,6/30/2003,
287,3076055528,PERSONA,Boote,Gale,O'Hartagan,Beazley,Gale Beazley,844160462310,7/14/2025,M,PYME,2/16/2008,,INACTIVO,true,9/12/2025,
288,4359924538,PERSONA,Randall,Marcellina,McComas,Ruse,Marcellina Ruse,416561864032,7/28/2025,OTRO,BANCA PRIVADA,9/7/2017,,ACTIVO,false,11/11/2015,
289,8211834217,JURIDICO,Dexter,Bili,Focke,Mattheus,Bili Mattheus,665835380400,12/28/2024,F,RIESGO ALTO,3/15/2004,,ACTIVO,false,12/23/2021,
290,2202189529,JURIDICO,Morna,Halimeda,Methuen,Venditti,Halimeda Venditti,600607426195,11/14/2024,F,MORA,4/3/2009,2/27/2025,ACTIVO,true,8/2/2020,4/11/2025
291,9324098683,JURIDICO,Edythe,Granville,Cure,Pashbee,Granville Pashbee,171731488870,3/26/2025,F,PYME,7/16/2018,4/22/2025,INACTIVO,true,12/27/2019,
292,2393879297,PERSONA,Claus,Perri,Johanning,Toping,Perri Toping,176692921389,9/3/2025,M,MORA,6/3/2013,,INACTIVO,false,8/14/2017,
293,5629118465,PERSONA,Huntley,Marcela,Borgars,Ruilton,Marcela Ruilton,226121789643,3/10/2025,F,MORA,3/10/2020,,ACTIVO,false,12/16/2003,
294,4823141811,JURIDICO,Saudra,Grissel,Craghead,Lindenstrauss,Grissel Lindenstrauss,688967582659,5/30/2025,OTRO,MICROEMPRESA,4/10/2006,,INACTIVO,false,12/16/2011,
295,6723450629,JURIDICO,Pammie,Coleen,Danher,Stockoe,Coleen Stockoe,824313070492,1/12/2025,OTRO,BANCA PRIVADA,10/22/2016,,ACTIVO,false,7/24/2007,
296,6702897777,PERSONA,Tarra,Joby,Shinfield,Le Marquand,Joby Le Marquand,899893477060,10/21/2024,M,PYME,11/18/2010,,INACTIVO,true,7/4/2024,5/22/2025
297,2485168150,JURIDICO,Tate,Danna,Gallimore,Smallpeice,Danna Smallpeice,456274669997,7/5/2025,OTRO,PYME,5/10/2006,,INACTIVO,true,6/17/2020,11/18/2024
298,3112615685,JURIDICO,Cathleen,Arv,Harvatt,Fassmann,Arv Fassmann,924771460454,9/28/2024,M,BANCA PRIVADA,5/8/2021,,ACTIVO,false,5/27/2004,7/11/2025
299,4293444878,PERSONA,Kendre,Michael,Strutley,Caudelier,Michael Caudelier,488111228714,8/26/2025,F,MICROEMPRESA,8/2/2022,,ACTIVO,false,6/22/2015,
300,1824323487,JURIDICO,Kinsley,Janeta,Challace,Micco,Janeta Micco,779239841557,3/19/2025,M,RIESGO ALTO,4/26/2016,4/7/2025,ACTIVO,false,1/8/2014,
301,6874279635,PERSONA,Cindi,Elga,Mitro,Malling,Elga Malling,545011442825,4/15/2025,F,GRAN EMPRESA,4/6/2017,,ACTIVO,true,3/20/2022,
302,1253704003,PERSONA,Binny,Dallon,Aldiss,Inder,Dallon Inder,444982840600,1/20/2025,M,PYME,9/2/2017,,ACTIVO,false,10/24/2005,
303,8830775870,JURIDICO,Sonny,Payton,Tetla,Wellen,Payton Wellen,517524429540,4/28/2025,OTRO,BANCA PRIVADA,12/23/2010,,INACTIVO,true,1/16/2002,
304,4155418091,JURIDICO,Ianthe,Foss,Bartleet,Burkert,Foss Burkert,619000849706,4/4/2025,OTRO,GRAN EMPRESA,10/25/2021,,ACTIVO,false,10/10/2012,
305,1709199598,PERSONA,Anatola,Gretal,Martindale,Geer,Gretal Geer,264387123025,3/8/2025,M,BANCA PRIVADA,8/6/2007,,ACTIVO,false,4/5/2015,
306,7422764567,JURIDICO,Elsa,Ginger,Lillegard,Geraghty,Ginger Geraghty,584835510993,8/20/2025,OTRO,MORA,11/24/2004,,ACTIVO,true,3/16/2013,
307,4511859465,JURIDICO,Leonora,Jehanna,Sarl,Caesar,Jehanna Caesar,351204917415,4/20/2025,OTRO,MICROEMPRESA,12/27/2013,,INACTIVO,true,9/3/2004,
308,1510321872,JURIDICO,Misti,Reuben,Heffron,Cristea,Reuben Cristea,364187772041,4/30/2025,F,MICROEMPRESA,7/25/2008,,INACTIVO,true,2/25/2018,
309,9302446014,PERSONA,Dedie,Fred,Afonso,Bardey,Fred Bardey,756571466344,8/6/2025,F,MICROEMPRESA,8/17/2025,,ACTIVO,false,2/22/2009,
310,9707918047,PERSONA,Diego,Eyde,Kuhl,Scrooby,Eyde Scrooby,467201310026,9/1/2025,OTRO,BANCA PRIVADA,4/26/2001,,INACTIVO,false,5/23/2014,5/14/2025
311,3595026294,PERSONA,Robbie,Antonia,Chedzoy,Wurz,Antonia Wurz,174970524024,9/4/2025,OTRO,GRAN EMPRESA,2/10/2015,,ACTIVO,false,5/24/2021,11/28/2024
312,9484385271,JURIDICO,Flory,Teena,M'Chirrie,Stanier,Teena Stanier,592151778237,5/13/2025,OTRO,BANCA PRIVADA,2/18/2004,,ACTIVO,false,1/5/2004,
313,3250518968,PERSONA,Hilton,Garrard,Kydde,Langley,Garrard Langley,373191673236,3/7/2025,M,RIESGO ALTO,12/29/2020,,INACTIVO,true,9/13/2021,9/29/2024
314,9380848350,JURIDICO,Winston,Rab,Stephenson,Jevons,Rab Jevons,744448020874,11/11/2024,M,MICROEMPRESA,4/25/2002,,ACTIVO,true,10/12/2013,
315,4780670769,PERSONA,Dolli,Noe,Balsdon,Peltz,Noe Peltz,363714303742,7/24/2025,M,MORA,12/15/2017,,INACTIVO,true,8/13/2013,12/25/2024
316,8241363480,PERSONA,Elinore,Cassondra,Downgate,Bontine,Cassondra Bontine,361771467816,1/26/2025,F,RIESGO ALTO,5/19/2004,,INACTIVO,true,11/22/2004,
317,9943877211,JURIDICO,Bunny,Caresa,Cookes,Fried,Caresa Fried,751501675101,1/18/2025,F,MORA,9/4/2003,,ACTIVO,false,2/16/2007,10/7/2024
318,9188557704,JURIDICO,Twyla,Konstance,Hammett,Launchbury,Konstance Launchbury,104948134843,12/11/2024,M,MICROEMPRESA,11/15/2019,,ACTIVO,true,8/3/2021,1/30/2025
319,6313456565,JURIDICO,Gaylene,Lonni,Grummitt,Mattholie,Lonni Mattholie,706975482686,12/5/2024,OTRO,RIESGO ALTO,2/3/2013,12/9/2024,ACTIVO,true,5/22/2020,
320,6682751946,PERSONA,Minne,Fania,Dooney,Norton,Fania Norton,216481667586,10/20/2024,OTRO,RIESGO ALTO,2/27/2025,10/1/2024,ACTIVO,false,4/20/2016,
321,1945505177,JURIDICO,Emmye,Portie,Drohun,Leask,Portie Leask,219810337956,3/20/2025,F,GRAN EMPRESA,5/10/2025,,ACTIVO,false,10/3/2002,
322,6886753896,JURIDICO,Ken,Johann,Brodhead,Blampy,Johann Blampy,908297016235,11/21/2024,F,BANCA PRIVADA,11/5/2005,,ACTIVO,false,7/23/2008,
323,9934874875,JURIDICO,Fionnula,Freemon,Beacon,Ditchfield,Freemon Ditchfield,558609380119,6/27/2025,M,MORA,11/19/2000,12/2/2024,INACTIVO,true,5/28/2017,
324,8504632013,JURIDICO,Dee,Deane,Shapland,Chillistone,Deane Chillistone,848522169489,3/6/2025,OTRO,GRAN EMPRESA,3/1/2006,1/8/2025,INACTIVO,true,8/16/2025,
325,3938448296,JURIDICO,Alana,Yale,Austwick,Cruikshank,Yale Cruikshank,273277326621,5/26/2025,F,RIESGO ALTO,7/8/2017,,ACTIVO,false,12/31/2011,
326,8537859125,JURIDICO,Tanner,Bessy,Cauldfield,Sibbald,Bessy Sibbald,118810418218,8/22/2025,OTRO,GRAN EMPRESA,10/6/2000,,INACTIVO,false,12/20/2023,3/19/2025
327,1567457337,JURIDICO,Vinnie,Farica,Humes,McGeown,Farica McGeown,745643263002,1/17/2025,M,BANCA PRIVADA,8/9/2009,,ACTIVO,false,9/22/2007,
328,8720896045,JURIDICO,Carena,Giacinta,Swinburne,Challes,Giacinta Challes,318338232555,1/21/2025,M,RIESGO ALTO,5/3/2025,,INACTIVO,false,4/11/2005,
329,1598913856,PERSONA,Sansone,Lia,Dilger,Dutt,Lia Dutt,768721837590,10/30/2024,M,MICROEMPRESA,7/16/2013,5/25/2025,INACTIVO,true,4/4/2009,
330,9730434933,JURIDICO,Arch,Lesya,Measor,Judkin,Lesya Judkin,877885120922,11/13/2024,M,BANCA PRIVADA,9/29/2011,7/20/2025,INACTIVO,true,11/22/2007,
331,3600336083,PERSONA,Elwira,Shirley,Andrzejak,Sprague,Shirley Sprague,199426883501,6/10/2025,F,MICROEMPRESA,7/11/2016,,INACTIVO,false,5/22/2021,
332,5347840325,JURIDICO,Paten,Eliza,Campsall,Bailess,Eliza Bailess,314337070539,4/22/2025,M,MICROEMPRESA,2/10/2001,1/6/2025,ACTIVO,true,9/11/2012,
333,2991286287,PERSONA,Kerrin,Jud,Gurr,Hardistry,Jud Hardistry,921401968785,11/10/2024,F,MICROEMPRESA,3/13/2007,10/13/2024,ACTIVO,false,9/18/2011,
334,9226235218,PERSONA,Sydney,Cordie,Rainard,Cossey,Cordie Cossey,194179264442,2/14/2025,M,BANCA PRIVADA,4/12/2011,6/5/2025,INACTIVO,false,4/15/2021,
335,8790200272,PERSONA,Joela,Jocelyne,Shutle,Kitchiner,Jocelyne Kitchiner,815966350528,7/17/2025,M,PYME,3/27/2007,,ACTIVO,true,9/30/2000,
336,4091991789,JURIDICO,Marrilee,Remy,Muddicliffe,Hucknall,Remy Hucknall,107076956779,3/5/2025,F,PYME,5/13/2023,,INACTIVO,false,2/4/2014,
337,8739100791,JURIDICO,Adaline,Raffaello,Wenderoth,Antonovic,Raffaello Antonovic,569825478819,12/14/2024,OTRO,PYME,1/27/2013,,ACTIVO,true,11/16/2022,
338,5909749540,PERSONA,Tatum,Jana,Lynett,Easom,Jana Easom,552435100237,4/6/2025,OTRO,RIESGO ALTO,9/5/2020,11/21/2024,INACTIVO,true,8/3/2006,
339,1726636730,PERSONA,Antonin,Ferrell,Charon,Parslow,Ferrell Parslow,556249200434,2/18/2025,F,GRAN EMPRESA,6/26/2022,,INACTIVO,true,11/11/2021,
340,8950078164,JURIDICO,Thornie,Darcey,Gosart,Zincke,Darcey Zincke,566751070421,11/5/2024,M,RIESGO ALTO,11/9/2015,,INACTIVO,false,5/20/2001,
341,7131675385,PERSONA,Ninette,Indira,Cowton,Leband,Indira Leband,585115332513,4/30/2025,OTRO,MICROEMPRESA,12/9/2007,,INACTIVO,true,12/27/2018,2/26/2025
342,7536697535,JURIDICO,Colet,Marika,Munns,Reding,Marika Reding,696430948448,1/13/2025,M,GRAN EMPRESA,8/15/2001,,INACTIVO,false,2/1/2017,11/19/2024
343,1298154494,PERSONA,Edna,Winonah,Puttick,Hellwig,Winonah Hellwig,696252353058,6/22/2025,M,MORA,8/19/2016,,INACTIVO,false,6/26/2020,5/4/2025
344,3777686506,PERSONA,Prue,Shaw,Daughtery,Saville,Shaw Saville,156587595093,12/20/2024,OTRO,PYME,6/1/2017,,INACTIVO,true,7/3/2013,8/22/2025
345,4244537036,JURIDICO,Sayres,Joachim,Petrushka,Vicioso,Joachim Vicioso,163398160031,1/3/2025,F,MICROEMPRESA,7/19/2019,,INACTIVO,false,9/23/2005,2/21/2025
346,9188531914,PERSONA,Julie,Melosa,Vlasov,Rowlett,Melosa Rowlett,671825859360,11/21/2024,M,BANCA PRIVADA,10/5/2011,,INACTIVO,false,8/1/2025,
347,5441691783,PERSONA,Carola,Noreen,Clelle,Verrills,Noreen Verrills,861808503215,6/12/2025,OTRO,MICROEMPRESA,4/9/2010,,ACTIVO,true,12/11/2010,
348,6082806974,PERSONA,Madalyn,Alexei,Mycock,Collimore,Alexei Collimore,974926469588,12/8/2024,M,MICROEMPRESA,11/17/2006,,ACTIVO,false,10/31/2015,
349,2415508011,PERSONA,Lucais,Deva,Baroc,McDuffy,Deva McDuffy,310918106656,8/12/2025,M,RIESGO ALTO,4/19/2002,,INACTIVO,false,2/24/2025,
350,9042418202,JURIDICO,Halie,Alleen,Hollows,Eberle,Alleen Eberle,478931190669,2/18/2025,F,RIESGO ALTO,7/25/2021,,ACTIVO,false,8/12/2017,
351,5782202367,PERSONA,Sydelle,Rasla,Sheach,Lammas,Rasla Lammas,258256943202,10/15/2024,OTRO,GRAN EMPRESA,1/3/2022,,ACTIVO,true,8/12/2019,
352,6413704731,JURIDICO,Rafferty,Gavrielle,Grzeszczyk,Esome,Gavrielle Esome,991229640938,4/3/2025,OTRO,PYME,5/21/2010,,INACTIVO,true,6/14/2003,11/8/2024
353,9922580439,JURIDICO,Brig,Katerine,Aspole,Rapson,Katerine Rapson,757678712166,2/2/2025,OTRO,RIESGO ALTO,7/1/2018,,INACTIVO,false,9/2/2004,
354,7133401430,JURIDICO,Cori,Vale,Fessier,Fullun,Vale Fullun,575893604060,3/19/2025,OTRO,BANCA PRIVADA,12/19/2004,,INACTIVO,false,3/19/2020,
355,9987209735,PERSONA,Gardener,Harrison,Fairlaw,Franzoli,Harrison Franzoli,444851780895,9/14/2025,OTRO,GRAN EMPRESA,3/27/2019,,INACTIVO,true,2/15/2004,
356,7796265723,JURIDICO,Crissy,Roberto,Mildner,Pedrollo,Roberto Pedrollo,790591760765,6/16/2025,F,BANCA PRIVADA,10/4/2006,,ACTIVO,true,7/13/2012,12/5/2024
357,9756662452,PERSONA,Brenna,Kimbell,MacGettigen,Cattel,Kimbell Cattel,894332831023,10/23/2024,M,MORA,8/11/2006,,INACTIVO,false,3/17/2014,
358,1075253912,JURIDICO,Orazio,Daile,Garnham,Elgee,Daile Elgee,824478123926,5/10/2025,M,BANCA PRIVADA,4/30/2022,11/19/2024,INACTIVO,true,10/19/2012,
359,3705435682,PERSONA,Ema,Rachelle,Thompkins,Scandrick,Rachelle Scandrick,361364548694,5/10/2025,M,MORA,2/2/2003,9/14/2025,INACTIVO,true,1/27/2021,
360,8663091245,PERSONA,Lavena,Joshuah,Woolaston,Calbreath,Joshuah Calbreath,217478293286,3/25/2025,OTRO,GRAN EMPRESA,7/4/2011,7/2/2025,ACTIVO,false,6/2/2003,
361,7956486828,PERSONA,Ollie,Reece,Pouck,Korneluk,Reece Korneluk,128853041787,12/10/2024,OTRO,PYME,7/21/2003,2/2/2025,INACTIVO,true,10/15/2001,
362,9386786714,PERSONA,Bourke,Kristi,Arrington,Hellcat,Kristi Hellcat,527545968371,2/20/2025,F,RIESGO ALTO,12/9/2003,,INACTIVO,false,4/14/2003,
363,5954263731,JURIDICO,Donaugh,Iona,Carloni,Gorvette,Iona Gorvette,412181935237,3/18/2025,OTRO,MORA,2/13/2013,,INACTIVO,false,12/22/2023,
364,4849970677,PERSONA,Sheppard,Roxy,Beevens,Daville,Roxy Daville,658843384231,9/22/2025,F,MORA,12/14/2001,,INACTIVO,false,1/25/2016,
365,6132598408,JURIDICO,Consalve,Gussie,Abbatt,Bransdon,Gussie Bransdon,552515920364,6/29/2025,OTRO,BANCA PRIVADA,6/12/2022,,INACTIVO,true,6/4/2008,
366,5457057743,JURIDICO,Nannie,Chery,Yakhin,Pauer,Chery Pauer,160247372048,1/3/2025,OTRO,GRAN EMPRESA,4/28/2003,,INACTIVO,false,4/27/2021,
367,8466181906,PERSONA,Isa,Janot,Preuvost,Luckcuck,Janot Luckcuck,910599747263,5/6/2025,M,GRAN EMPRESA,3/8/2010,,INACTIVO,true,11/15/2004,
368,6248835985,PERSONA,Gerty,Albrecht,Markos,Verick,Albrecht Verick,336246491298,12/30/2024,M,RIESGO ALTO,9/13/2009,,ACTIVO,false,12/29/2012,
369,9453773501,JURIDICO,Boonie,Darrin,Broomhall,Pauli,Darrin Pauli,105067620989,1/10/2025,M,MORA,4/16/2011,,INACTIVO,false,9/23/2020,
370,9376214832,PERSONA,Latrina,Chic,Hadingham,Gillyatt,Chic Gillyatt,505778773533,4/10/2025,OTRO,RIESGO ALTO,11/7/2005,,ACTIVO,true,7/13/2005,
371,4107258619,PERSONA,Ingaberg,Nancy,Hechlin,Hasely,Nancy Hasely,378028065406,10/28/2024,OTRO,GRAN EMPRESA,7/25/2003,,ACTIVO,false,11/15/2009,
372,2606147117,PERSONA,Rodolphe,Lyda,Diffley,Alldred,Lyda Alldred,103921567262,1/5/2025,F,BANCA PRIVADA,3/22/2013,,ACTIVO,false,12/17/2018,
373,8858415227,JURIDICO,Sherline,Glynis,Simmonite,Pook,Glynis Pook,734487491475,10/19/2024,M,PYME,6/8/2015,,ACTIVO,true,2/28/2018,
374,5530258295,PERSONA,Fanny,Carole,Sinkins,Goldstein,Carole Goldstein,760073063387,8/23/2025,OTRO,PYME,5/17/2009,,INACTIVO,false,9/27/2006,
375,9535238009,PERSONA,Edythe,Vivi,Ruffler,Gwinn,Vivi Gwinn,206840676649,5/23/2025,OTRO,MICROEMPRESA,12/17/2018,11/22/2024,ACTIVO,true,2/26/2005,
376,1120148078,PERSONA,Hyacinthe,Courtenay,Tocknell,Olorenshaw,Courtenay Olorenshaw,666938601058,7/8/2025,OTRO,GRAN EMPRESA,7/16/2013,,ACTIVO,false,5/22/2023,
377,4862913080,JURIDICO,Violante,Innis,Gilhooly,Harbertson,Innis Harbertson,553929466189,6/22/2025,F,PYME,8/25/2007,,INACTIVO,false,12/19/2012,
378,8587527465,PERSONA,Karlotta,Talbot,MacPadene,Barlace,Talbot Barlace,913486077480,1/7/2025,OTRO,BANCA PRIVADA,4/20/2013,,INACTIVO,true,7/10/2006,
379,5095238103,JURIDICO,Nicolais,Burt,Simonin,Anstee,Burt Anstee,607986276949,9/18/2025,F,MICROEMPRESA,9/7/2025,,INACTIVO,true,5/26/2008,
380,1695266637,PERSONA,Carlota,Norrie,Northill,von Grollmann,Norrie von Grollmann,960853757250,9/7/2025,F,RIESGO ALTO,6/14/2018,,ACTIVO,true,3/15/2020,
381,7495079781,JURIDICO,Erie,Louise,Treffrey,Nelmes,Louise Nelmes,244625725458,4/22/2025,M,GRAN EMPRESA,6/20/2023,,INACTIVO,false,8/18/2005,
382,8987788775,JURIDICO,Brear,Jacynth,Dahl,Bartosinski,Jacynth Bartosinski,791498617488,4/15/2025,OTRO,RIESGO ALTO,4/19/2004,,ACTIVO,true,2/6/2006,
383,3732487021,PERSONA,Marquita,Karena,Somerset,Pavlenkov,Karena Pavlenkov,533212625516,2/12/2025,M,PYME,9/5/2020,,INACTIVO,false,4/7/2002,
384,3202341283,JURIDICO,Herman,Rozele,Benditt,Maude,Rozele Maude,450421770164,9/17/2025,F,GRAN EMPRESA,3/16/2001,,INACTIVO,true,9/6/2007,
385,7158318165,JURIDICO,Ernaline,Heida,Rosenqvist,Esselin,Heida Esselin,705321638919,8/25/2025,M,MICROEMPRESA,1/15/2002,,ACTIVO,true,4/4/2025,
386,6408228664,JURIDICO,Esme,Mag,Frowen,Swales,Mag Swales,836345476388,1/16/2025,OTRO,BANCA PRIVADA,1/15/2010,10/29/2024,ACTIVO,false,11/16/2008,11/22/2024
387,2229744403,JURIDICO,Jolyn,Aloysia,Duckham,Nield,Aloysia Nield,353168496626,3/3/2025,F,GRAN EMPRESA,8/1/2024,,INACTIVO,true,4/17/2017,
388,2094711626,JURIDICO,Lucias,Addie,Deetch,Handslip,Addie Handslip,633739703861,6/6/2025,OTRO,MORA,7/24/2024,2/17/2025,INACTIVO,false,6/8/2013,
389,1397316820,PERSONA,Margie,Alanah,Giovannelli,Cheves,Alanah Cheves,856453291310,4/24/2025,M,BANCA PRIVADA,5/22/2004,,ACTIVO,false,6/7/2007,
390,5047438847,PERSONA,Ilyse,Chalmers,Cornick,Lewer,Chalmers Lewer,739125816301,11/25/2024,M,PYME,1/8/2025,10/14/2024,INACTIVO,true,6/23/2017,
391,4357491650,JURIDICO,Averil,Doreen,Pirot,Simkovich,Doreen Simkovich,481587355693,11/12/2024,OTRO,GRAN EMPRESA,7/9/2024,9/12/2025,INACTIVO,false,4/20/2006,7/9/2025
392,3804786752,JURIDICO,Rosabelle,Ingelbert,Gradley,Littrick,Ingelbert Littrick,223292865996,10/2/2024,F,MICROEMPRESA,9/3/2012,,ACTIVO,false,9/14/2010,
393,4880921320,JURIDICO,Dennie,Kimberlee,Laybourn,Summerside,Kimberlee Summerside,515714616601,2/18/2025,F,MORA,2/13/2004,,ACTIVO,true,4/10/2002,
394,6443669178,PERSONA,Wally,Arlena,Hyrons,Mickan,Arlena Mickan,586778106306,11/6/2024,M,MORA,9/8/2017,,INACTIVO,true,8/7/2005,
395,6298180136,PERSONA,Raymond,Iosep,Bollins,Powles,Iosep Powles,922306057702,2/19/2025,M,RIESGO ALTO,10/25/2011,1/5/2025,INACTIVO,true,9/23/2024,9/22/2025
396,8392871182,JURIDICO,Nikolas,Clerc,Penniall,Freddi,Clerc Freddi,152435366833,2/8/2025,F,MICROEMPRESA,5/11/2008,10/24/2024,ACTIVO,false,9/15/2012,
397,5995577477,JURIDICO,Silvain,Ranice,Wedlake,Freda,Ranice Freda,850703946545,8/2/2025,F,BANCA PRIVADA,3/25/2019,9/15/2025,ACTIVO,false,3/6/2022,12/6/2024
398,2094902278,JURIDICO,Temple,Gussie,Secombe,Almeida,Gussie Almeida,611025470976,2/24/2025,F,BANCA PRIVADA,10/22/2024,,INACTIVO,false,12/6/2019,7/14/2025
399,5799592092,JURIDICO,Lenora,Richmond,Kohtler,Alyoshin,Richmond Alyoshin,379738419640,1/11/2025,M,BANCA PRIVADA,1/27/2001,1/25/2025,INACTIVO,false,6/25/2019,
400,4776931075,PERSONA,Sherry,Tracey,Coldwell,Kimmings,Tracey Kimmings,387340326537,11/24/2024,OTRO,GRAN EMPRESA,12/25/2024,,ACTIVO,true,8/13/2006,
401,7144198861,JURIDICO,Kipp,Ban,Blant,Bigglestone,Ban Bigglestone,991454035465,8/15/2025,F,MORA,1/4/2022,8/16/2025,INACTIVO,true,8/17/2004,
402,6125689463,PERSONA,Nowell,Hamlin,Mardling,Piddick,Hamlin Piddick,577171485514,6/11/2025,F,GRAN EMPRESA,11/22/2016,2/15/2025,INACTIVO,false,10/23/2010,
403,5482312307,JURIDICO,Valeria,Alley,Thorby,Collings,Alley Collings,611374067227,9/29/2024,M,GRAN EMPRESA,9/21/2002,,ACTIVO,false,7/17/2011,
404,7794781822,JURIDICO,Seymour,Rowena,Radband,Skilling,Rowena Skilling,617310846641,6/10/2025,OTRO,GRAN EMPRESA,3/30/2019,12/30/2024,ACTIVO,false,10/1/2024,
405,6176645275,JURIDICO,Paul,Emmeline,Shields,Vallery,Emmeline Vallery,611712626248,10/12/2024,F,BANCA PRIVADA,8/6/2008,,ACTIVO,false,2/28/2007,
406,7449522859,PERSONA,Dacey,Lovell,Ewols,Janecek,Lovell Janecek,829051379336,12/12/2024,F,PYME,12/28/2017,8/24/2025,ACTIVO,true,9/14/2023,
407,3781764365,JURIDICO,Risa,Em,Melonby,Riehm,Em Riehm,648145505501,6/18/2025,F,GRAN EMPRESA,9/18/2023,,INACTIVO,true,9/5/2001,
408,9496006660,PERSONA,Denny,Leesa,Matz,Simoneschi,Leesa Simoneschi,317665203722,9/9/2025,F,MICROEMPRESA,10/30/2021,,ACTIVO,false,10/5/2012,
409,9845545532,JURIDICO,Bree,Burke,Jowle,Guillard,Burke Guillard,490985113993,12/18/2024,M,MICROEMPRESA,10/2/2005,,ACTIVO,false,2/10/2011,
410,8155559241,PERSONA,Cornell,Cate,Wantling,Riddell,Cate Riddell,686458860766,7/4/2025,OTRO,PYME,1/24/2006,,ACTIVO,false,5/30/2009,
411,8235545181,PERSONA,Rowland,Luci,Widmore,Wooles,Luci Wooles,135181005290,9/28/2024,M,RIESGO ALTO,12/27/2011,3/13/2025,ACTIVO,false,5/14/2012,
412,3366912398,PERSONA,Rozalin,Belicia,O'Cannavan,Semens,Belicia Semens,598591935825,4/26/2025,M,PYME,8/16/2020,,ACTIVO,false,11/23/2017,
413,8168521909,PERSONA,Shara,Marne,Boltwood,Haensel,Marne Haensel,699716749192,4/17/2025,F,BANCA PRIVADA,7/13/2008,,ACTIVO,true,2/18/2010,
414,2921692802,PERSONA,Elga,Keenan,Lackey,Norheny,Keenan Norheny,833107831562,8/14/2025,OTRO,BANCA PRIVADA,7/15/2010,,INACTIVO,true,8/2/2008,
415,6096312153,PERSONA,Klemens,Jillane,Roskelley,Leverich,Jillane Leverich,609858649758,6/17/2025,M,GRAN EMPRESA,7/6/2004,,ACTIVO,false,3/3/2010,
416,6803095952,JURIDICO,Wandis,Aila,Devine,Chatteris,Aila Chatteris,290753483942,1/22/2025,F,GRAN EMPRESA,3/26/2008,,ACTIVO,true,10/4/2021,5/31/2025
417,1899544519,JURIDICO,Rossie,Evanne,Worts,Bulloch,Evanne Bulloch,942705653573,6/21/2025,M,RIESGO ALTO,2/14/2013,,INACTIVO,true,6/6/2006,
418,8236953120,JURIDICO,Chucho,Elisha,Sydes,Struan,Elisha Struan,849665527394,9/12/2025,OTRO,RIESGO ALTO,5/3/2006,,INACTIVO,true,5/16/2001,
419,5819001500,PERSONA,Cami,Dalia,Stillgoe,Vanyard,Dalia Vanyard,898333011755,8/17/2025,M,PYME,11/22/2004,,INACTIVO,false,7/15/2015,
420,8853199999,PERSONA,Chane,Vanny,Minifie,Madrell,Vanny Madrell,653628206817,4/15/2025,OTRO,MORA,12/29/2016,,ACTIVO,false,3/13/2008,
421,8031771477,PERSONA,Mabelle,Maridel,Creeboe,Rolling,Maridel Rolling,206017719948,3/2/2025,F,RIESGO ALTO,1/31/2015,,INACTIVO,true,3/5/2018,
422,5489848829,PERSONA,Meghan,Binni,Uttridge,de Villier,Binni de Villier,832748653236,5/4/2025,OTRO,PYME,11/3/2005,,INACTIVO,true,6/17/2025,9/20/2025
423,2632868162,PERSONA,Claudia,Jenny,Aujean,Creus,Jenny Creus,189142763203,1/30/2025,F,MICROEMPRESA,7/17/2014,,ACTIVO,true,6/19/2005,
424,7754050207,PERSONA,Gram,Lezley,Croy,Hassan,Lezley Hassan,688618465113,8/2/2025,M,RIESGO ALTO,7/9/2008,8/13/2025,INACTIVO,true,9/27/2004,
425,3458277068,JURIDICO,Giovanna,Cobb,House,Howsam,Cobb Howsam,343873117752,2/14/2025,M,BANCA PRIVADA,10/19/2007,,ACTIVO,false,1/16/2013,
426,1892825054,PERSONA,Corenda,Henryetta,Vowles,Mosedale,Henryetta Mosedale,948598504382,2/12/2025,F,MICROEMPRESA,8/10/2017,,ACTIVO,true,4/6/2019,
427,8105103801,PERSONA,Moss,Georgeanna,Bigmore,Carrick,Georgeanna Carrick,703861412038,7/29/2025,F,RIESGO ALTO,11/5/2019,,ACTIVO,true,6/10/2016,
428,9958006775,PERSONA,Lowrance,Ketti,Wragge,Colton,Ketti Colton,957097845202,7/25/2025,OTRO,PYME,7/28/2023,,ACTIVO,true,9/5/2001,5/31/2025
429,7291361920,PERSONA,Martie,Carlene,Everall,Trett,Carlene Trett,969917632806,4/9/2025,OTRO,BANCA PRIVADA,3/14/2020,1/4/2025,ACTIVO,false,9/4/2010,12/28/2024
430,8931358146,JURIDICO,Welch,Hertha,Ducaen,Redmile,Hertha Redmile,660304707231,1/15/2025,OTRO,RIESGO ALTO,1/9/2006,,ACTIVO,false,1/23/2019,6/1/2025
431,4859557226,PERSONA,Phil,Sonja,Bewsy,Dulwitch,Sonja Dulwitch,670440082637,10/19/2024,M,BANCA PRIVADA,1/12/2021,,ACTIVO,true,4/19/2022,
432,3861711303,PERSONA,Stacie,Bing,Abbatini,Rosenfelder,Bing Rosenfelder,700056469366,3/5/2025,M,PYME,10/9/2000,,INACTIVO,true,8/1/2013,5/22/2025
433,5822207748,JURIDICO,Garvy,Wilburt,Bales,Errett,Wilburt Errett,290384809402,6/10/2025,OTRO,BANCA PRIVADA,2/21/2003,,INACTIVO,true,3/6/2001,
434,2819314371,JURIDICO,Garfield,Anabelle,Faccini,Daughtery,Anabelle Daughtery,511284560549,5/22/2025,F,BANCA PRIVADA,7/23/2019,,ACTIVO,true,1/18/2007,
435,7380292512,PERSONA,Koralle,Alejandra,Reuble,Bramhill,Alejandra Bramhill,499045915094,1/1/2025,OTRO,RIESGO ALTO,8/26/2001,9/17/2025,INACTIVO,false,3/7/2005,
436,2988707232,JURIDICO,Afton,Theobald,Spensly,Drayn,Theobald Drayn,112847019844,3/23/2025,F,BANCA PRIVADA,9/25/2014,,INACTIVO,false,3/30/2017,
437,2460140573,JURIDICO,Lalo,Carolann,Kield,Rubie,Carolann Rubie,463326942012,11/9/2024,F,MICROEMPRESA,1/7/2022,,ACTIVO,false,3/26/2016,
438,7137839549,JURIDICO,Madeleine,Theodor,Chillingsworth,Bufton,Theodor Bufton,470753803842,12/12/2024,OTRO,GRAN EMPRESA,2/3/2003,,INACTIVO,false,4/7/2024,1/14/2025
439,6520099086,PERSONA,Michaela,Remus,Burghill,Abrahamoff,Remus Abrahamoff,641232542386,9/11/2025,F,RIESGO ALTO,6/29/2022,1/20/2025,ACTIVO,false,11/4/2023,
440,6660212756,PERSONA,Nial,Jonathon,Lovekin,Auchterlony,Jonathon Auchterlony,798264611907,8/25/2025,OTRO,GRAN EMPRESA,2/13/2025,,INACTIVO,false,10/15/2022,
441,4139043041,PERSONA,Babb,Abraham,Ickowics,Zealey,Abraham Zealey,271767449833,4/28/2025,M,MORA,11/25/2008,,ACTIVO,true,3/21/2002,
442,8239543515,PERSONA,Ariadne,Krishnah,Learmouth,Cathrall,Krishnah Cathrall,891084607579,8/31/2025,OTRO,MORA,9/16/2022,,ACTIVO,true,8/30/2008,5/6/2025
443,8112457039,PERSONA,Andre,Stinky,Harrop,Doohey,Stinky Doohey,810134433672,10/10/2024,F,BANCA PRIVADA,5/19/2011,9/15/2025,INACTIVO,false,9/18/2006,
444,1191922308,JURIDICO,Adriane,Charlena,Mynott,Oglevie,Charlena Oglevie,611012489361,1/30/2025,OTRO,PYME,4/10/2024,,INACTIVO,false,9/24/2020,
445,3067933834,JURIDICO,Darlleen,Arty,Spowage,Astbery,Arty Astbery,536127933457,6/29/2025,OTRO,PYME,1/9/2020,,INACTIVO,true,7/4/2022,
446,5579317751,PERSONA,Livvy,Othella,Kobiera,Kears,Othella Kears,608958509210,6/18/2025,M,MICROEMPRESA,6/11/2001,,INACTIVO,false,2/17/2015,
447,9420543772,PERSONA,Prescott,Abra,Clinton,Spatig,Abra Spatig,730386802202,7/13/2025,M,GRAN EMPRESA,12/13/2016,,INACTIVO,false,2/25/2002,
448,8420439157,PERSONA,Maurie,Sheryl,Toffano,Woollons,Sheryl Woollons,584294862669,4/17/2025,M,MICROEMPRESA,4/2/2006,,ACTIVO,true,4/9/2019,
449,8522722438,PERSONA,Wally,Egon,Buddell,Seaman,Egon Seaman,975424858311,10/22/2024,F,RIESGO ALTO,9/2/2012,,ACTIVO,false,11/6/2001,3/13/2025
450,7904678282,JURIDICO,Nelli,Garald,Woan,Anthoney,Garald Anthoney,402683224292,11/13/2024,F,PYME,4/8/2022,,ACTIVO,true,8/20/2024,
451,9012230851,JURIDICO,Roxy,Bibi,Firbank,Rosenhaupt,Bibi Rosenhaupt,249574958874,3/9/2025,OTRO,BANCA PRIVADA,12/4/2007,,ACTIVO,false,10/29/2020,3/30/2025
452,6570866503,JURIDICO,Calla,Molly,Suggey,Snaddin,Molly Snaddin,789576585790,1/15/2025,M,MORA,3/30/2015,11/1/2024,ACTIVO,true,2/12/2017,
453,1986418656,JURIDICO,Errick,Milicent,Sainter,O'Hickey,Milicent O'Hickey,529255743350,7/6/2025,F,RIESGO ALTO,7/26/2013,,ACTIVO,true,9/19/2020,
454,2661618750,PERSONA,Cindelyn,Gilberta,Sapp,Foyston,Gilberta Foyston,958531186633,2/5/2025,M,MICROEMPRESA,9/14/2025,,INACTIVO,false,5/24/2011,5/31/2025
455,2912922322,JURIDICO,Dino,Ragnar,Ibeson,Collingham,Ragnar Collingham,574100421677,1/25/2025,M,RIESGO ALTO,7/16/2010,,INACTIVO,true,1/20/2012,
456,8592669697,JURIDICO,Waylin,Costanza,Shearstone,Leidl,Costanza Leidl,483123505797,11/7/2024,M,MICROEMPRESA,8/20/2002,,ACTIVO,false,12/11/2001,
457,5587027717,PERSONA,Randi,Sax,Scotchmer,Wannan,Sax Wannan,301125422703,1/25/2025,M,MICROEMPRESA,11/16/2007,,INACTIVO,false,8/7/2002,
458,3218964626,PERSONA,Huey,Ella,Doxey,Cadamy,Ella Cadamy,407322301227,9/17/2025,F,MORA,12/9/2003,,INACTIVO,true,4/30/2003,
459,3309917132,PERSONA,Miner,Milissent,Abbado,Jeste,Milissent Jeste,312229672468,4/18/2025,F,PYME,5/29/2023,11/9/2024,ACTIVO,true,11/20/2017,
460,7150387616,JURIDICO,Beverly,Samuel,Boik,Sumption,Samuel Sumption,639425146997,3/30/2025,M,MORA,10/26/2018,,ACTIVO,false,11/1/2005,12/23/2024
461,9856021470,JURIDICO,Gaston,Stanislas,Reeme,Musgrave,Stanislas Musgrave,540983134185,6/28/2025,OTRO,PYME,5/15/2018,,INACTIVO,false,9/14/2004,
462,1304109589,JURIDICO,Kathryne,Sebastien,Tench,Sevior,Sebastien Sevior,874144855105,11/18/2024,M,MICROEMPRESA,12/8/2009,,ACTIVO,false,3/18/2007,
463,4809294777,PERSONA,Karly,Cherey,Cricket,Cornbill,Cherey Cornbill,146707246241,4/15/2025,M,GRAN EMPRESA,12/26/2000,,INACTIVO,false,10/29/2001,
464,3396933523,JURIDICO,Kellia,Tobiah,Vandrill,Vossgen,Tobiah Vossgen,733604965979,10/26/2024,M,PYME,10/20/2016,,INACTIVO,true,8/16/2010,3/14/2025
465,9621325272,JURIDICO,Wittie,Tiffi,Thompkins,Gjerde,Tiffi Gjerde,106632796580,6/1/2025,M,MICROEMPRESA,1/10/2020,7/15/2025,ACTIVO,false,12/14/2010,
466,9457035729,PERSONA,Kurtis,Jakob,Glew,Beswick,Jakob Beswick,210177720713,7/25/2025,OTRO,PYME,11/15/2010,,ACTIVO,true,2/12/2019,
467,2010803954,PERSONA,Granthem,Amble,Westnedge,Hassewell,Amble Hassewell,312034992082,10/10/2024,F,RIESGO ALTO,3/18/2018,,ACTIVO,false,5/6/2010,
468,7995466748,PERSONA,Armin,Monah,Kleszinski,Windybank,Monah Windybank,111149604630,12/12/2024,F,GRAN EMPRESA,11/17/2008,,INACTIVO,true,5/24/2007,1/5/2025
469,3959424137,PERSONA,Ellynn,Ganny,Rowe,Fear,Ganny Fear,659606695225,11/6/2024,OTRO,PYME,8/28/2011,7/3/2025,INACTIVO,true,5/19/2008,
470,7462978043,PERSONA,Kendre,Flo,Radbond,Caspell,Flo Caspell,923939661325,8/29/2025,F,MICROEMPRESA,7/5/2024,,INACTIVO,true,5/11/2021,
471,7483140547,JURIDICO,Massimiliano,Leese,Arne,Ancketill,Leese Ancketill,398523947403,10/31/2024,M,PYME,8/23/2024,,INACTIVO,false,6/30/2001,5/23/2025
472,7450753134,JURIDICO,Philippine,Kaylil,Lince,Magrane,Kaylil Magrane,475699056277,9/2/2025,OTRO,GRAN EMPRESA,6/20/2020,3/8/2025,INACTIVO,false,7/21/2024,
473,8929033986,JURIDICO,Molli,Jorgan,O'Devey,Weekly,Jorgan Weekly,595215663094,5/13/2025,OTRO,MICROEMPRESA,2/16/2010,,ACTIVO,false,4/8/2001,
474,8746616087,PERSONA,Bessie,Courtnay,Blackway,Klimentyev,Courtnay Klimentyev,377774043855,7/31/2025,F,BANCA PRIVADA,2/5/2015,,INACTIVO,true,6/1/2002,10/24/2024
475,5817980458,JURIDICO,Aymer,Foster,Aston,Bartolomivis,Foster Bartolomivis,692888282289,4/11/2025,OTRO,RIESGO ALTO,4/4/2012,7/1/2025,INACTIVO,true,3/24/2015,
476,4600822256,JURIDICO,Debera,Esmeralda,Mullin,Swannick,Esmeralda Swannick,159150662275,4/1/2025,M,MICROEMPRESA,10/24/2009,,ACTIVO,true,11/25/2002,
477,6675224166,JURIDICO,Glenn,Rosabelle,Blasl,Blankett,Rosabelle Blankett,655660721401,5/4/2025,F,RIESGO ALTO,6/28/2006,,ACTIVO,false,4/9/2009,
478,6147487559,PERSONA,Meredith,Kent,Kubala,Acreman,Kent Acreman,220219046161,5/2/2025,M,MORA,3/2/2021,,INACTIVO,true,6/2/2019,
479,8146892603,JURIDICO,Merola,Felic,Morfey,Boyda,Felic Boyda,233411774669,5/24/2025,F,MORA,3/9/2021,,INACTIVO,false,4/17/2010,
480,3038220786,PERSONA,Grayce,Mable,Barts,Cowderoy,Mable Cowderoy,114936447202,6/3/2025,F,PYME,3/31/2010,9/5/2025,INACTIVO,true,4/25/2012,
481,8595270423,PERSONA,Boycey,Winna,Chillingworth,Dever,Winna Dever,745790177964,5/2/2025,F,MICROEMPRESA,1/28/2017,,ACTIVO,true,3/15/2003,
482,2909725771,PERSONA,Jedediah,Milena,Risman,Newall,Milena Newall,579719702518,11/20/2024,M,RIESGO ALTO,6/18/2003,3/4/2025,INACTIVO,false,8/14/2003,
483,3661987904,JURIDICO,Riki,Aleen,Wilks,Bhatia,Aleen Bhatia,479505858851,7/22/2025,OTRO,RIESGO ALTO,3/28/2002,,INACTIVO,false,9/23/2025,
484,5819344867,PERSONA,Dalia,Baillie,Faux,Larkings,Baillie Larkings,500204346717,6/12/2025,F,PYME,2/4/2024,6/17/2025,INACTIVO,true,12/23/2000,3/14/2025
485,1022782980,PERSONA,Marylin,Sheena,Minithorpe,Creber,Sheena Creber,432004107849,10/16/2024,OTRO,GRAN EMPRESA,9/18/2018,,ACTIVO,true,2/28/2019,6/30/2025
486,1705194166,PERSONA,Danya,Dietrich,Tureville,Welch,Dietrich Welch,874839455411,11/8/2024,F,BANCA PRIVADA,4/20/2009,,ACTIVO,false,12/27/2000,
487,5505815475,JURIDICO,Mandi,Essie,Kinghorne,Ussher,Essie Ussher,965700452309,2/28/2025,OTRO,RIESGO ALTO,5/13/2013,,ACTIVO,true,5/2/2002,8/12/2025
488,3409450435,PERSONA,Heath,Hasty,Bickerstaffe,O'Ferris,Hasty O'Ferris,305955001645,3/13/2025,OTRO,PYME,1/15/2021,,ACTIVO,false,10/22/2007,
489,2081273024,JURIDICO,Nefen,Leonid,Mogra,McGinty,Leonid McGinty,484380150590,5/9/2025,M,MORA,7/21/2023,,INACTIVO,false,2/28/2018,
490,1399875713,PERSONA,Shaun,Juline,Bench,Batrop,Juline Batrop,469110790357,5/13/2025,F,GRAN EMPRESA,2/1/2024,,INACTIVO,false,7/6/2017,
491,3343089610,PERSONA,Katlin,Osgood,Clopton,Kasting,Osgood Kasting,719098080520,7/8/2025,F,GRAN EMPRESA,1/23/2023,,INACTIVO,true,2/23/2005,
492,6472750633,PERSONA,Cody,Parnell,Rheaume,Adair,Parnell Adair,189072353064,4/23/2025,F,MORA,2/5/2011,,INACTIVO,false,8/21/2011,
493,9400415756,JURIDICO,Pooh,Pansy,Scobie,Ciobotaru,Pansy Ciobotaru,156676545280,1/17/2025,M,GRAN EMPRESA,3/29/2022,,INACTIVO,false,7/20/2012,
494,3903996366,PERSONA,Rafaello,Pollyanna,Vankov,Athersmith,Pollyanna Athersmith,854721157661,2/3/2025,M,MORA,10/6/2009,,ACTIVO,true,10/23/2017,
495,5274177290,JURIDICO,Hally,Vachel,Brosch,Shegog,Vachel Shegog,472133136395,11/7/2024,F,MORA,12/15/2013,1/17/2025,ACTIVO,true,9/20/2015,
496,8354521408,PERSONA,Ginger,Pacorro,Prandini,Anglish,Pacorro Anglish,462503664255,7/4/2025,M,PYME,11/20/2006,,INACTIVO,false,5/4/2001,2/9/2025
497,2265401109,JURIDICO,Michaella,Isiahi,Blackeby,Reece,Isiahi Reece,469303401505,2/13/2025,OTRO,PYME,7/27/2003,,INACTIVO,true,11/12/2021,
498,5084361008,JURIDICO,Granny,May,Lownie,Kinglesyd,May Kinglesyd,913023515377,10/22/2024,M,MORA,7/26/2004,,INACTIVO,true,10/6/2007,
499,8541359084,PERSONA,Katerine,Jillane,Wardall,Fleetham,Jillane Fleetham,168025235292,10/14/2024,F,GRAN EMPRESA,3/6/2018,11/21/2024,ACTIVO,false,10/14/2007,8/23/2025
500,4602988305,PERSONA,Brier,Emmey,Coatts,Chue,Emmey Chue,380219785824,4/23/2025,OTRO,RIESGO ALTO,5/6/2005,,INACTIVO,true,8/20/2002,
